symbol,group,family,duration,growth_habit,native_status
ABAM,Gymnosperm,Pinaceae,Perennial,Tree,AK N; CAN N; L48 N
ABBA,Gymnosperm,Pinaceae,Perennial,Tree,CAN N; L48 N; SPM N
ABCO,Gymnosperm,Pinaceae,Perennial,Tree,L48 N
ABGR,Gymnosperm,Pinaceae,Perennial,Tree,CAN N; L48 N
ABLA,Gymnosperm,Pinaceae,Perennial,Tree,AK N; CAN N; L48 N
ABFR3,Dicot,Malvaceae,Perennial,Subshrub,L48 N
ACKO,Dicot,Fabaceae,Perennial,Tree,HI N
ACKO2,Dicot,Fabaceae,Perennial,Tree,HI N
ACAN11,Dicot,Fabaceae,Perennial,Forb/herb; Subshrub,L48 N
ACAN11,Dicot,Fabaceae,Perennial,Forb/herb; Subshrub,L48 N
ACANH2,Dicot,Fabaceae,Perennial,Forb/herb; Subshrub,L48 N
ACANH2,Dicot,Fabaceae,Perennial,Forb/herb; Subshrub,L48 N
ACCI,Dicot,Aceraceae,Perennial,Shrub; Tree; Vine,AK N?; CAN N; L48 N
ACGI,Dicot,Aceraceae,Perennial,Shrub; Tree,CAN I; L48 I
ACGL,Dicot,Aceraceae,Perennial,Shrub; Tree,AK I?; CAN N; L48 N
ACMA3,Dicot,Aceraceae,Perennial,Tree,CAN N; L48 N
ACNE2,Dicot,Aceraceae,Perennial,Tree,CAN N; L48 N
ACRU,Dicot,Aceraceae,Perennial,Tree,CAN N; L48 N
ACSA2,Dicot,Aceraceae,Perennial,Tree,CAN N; L48 N
ACSA3,Dicot,Aceraceae,Perennial,Shrub; Tree,CAN N; L48 N
ACMI2,Dicot,Asteraceae,Perennial,Forb/herb,AK N; CAN I,N; GL N; HI I; L48 I,N; SPM I,N
ACMIO,Dicot,Asteraceae,Perennial,Forb/herb,AK N; CAN N; GL N; L48 N; SPM N
ACHY,Monocot,Poaceae,Perennial,Graminoid,CAN N; L48 N
ACLE8,Monocot,Poaceae,Perennial,Graminoid,CAN N; L48 N
ACNE9,Monocot,Poaceae,Perennial,Graminoid,CAN N; L48 N
ACOC3,Monocot,Poaceae,Perennial,Graminoid,CAN N; L48 N
ACSP12,Monocot,Poaceae,Perennial,Graminoid,L48 N
ACTH7,Monocot,Poaceae,Perennial,Graminoid,L48 N
ACSP3,Dicot,Amaranthaceae,Perennial,Shrub,HI N; PB N
ACCA4,Monocot,Acoraceae,Perennial,Forb/herb,CAN I; L48 I
AEAM,Dicot,Fabaceae,Perennial,Forb/herb; Subshrub,L48 N; PB I; PR N; VI I
AECA,Dicot,Hippocastanaceae,Perennial,Shrub; Tree,L48 N
AEGL,Dicot,Hippocastanaceae,Perennial,Tree,CAN N; L48 N
AGSC,Dicot,Lamiaceae,Perennial,Forb/herb; Subshrub,CAN N; L48 N
AGGR,Dicot,Asteraceae,Perennial,Forb/herb,CAN N; L48 N
AGHE2,Dicot,Asteraceae,Annual,Forb/herb,CAN N; L48 N
AGCR,Monocot,Poaceae,Perennial,Graminoid,AK I; CAN I; L48 I
AGDE2,Monocot,Poaceae,Perennial,Graminoid,L48 I
AGFR,Monocot,Poaceae,Perennial,Graminoid,CAN I; L48 I
AGEX,Monocot,Poaceae,Perennial,Graminoid,AK N; CAN N; L48 N
AGGI2,Monocot,Poaceae,Perennial,Graminoid,AK I; CAN I; GL I; L48 I
ALSU,Monocot,Alismataceae,Perennial,Forb/herb,CAN N; L48 N
ALBIB,Monocot,Liliaceae,Perennial,Forb/herb,L48 N
ALHY,Monocot,Liliaceae,Perennial,Forb/herb,L48 N
ALUN,Monocot,Liliaceae,Perennial,Forb/herb,L48 N
ALGL2,Dicot,Betulaceae,Perennial,Tree,CAN I; L48 I
ALIN2,Dicot,Betulaceae,Perennial,Shrub; Tree,AK N; CAN N; L48 N; SPM N
ALINR,Dicot,Betulaceae,Perennial,Shrub; Tree,CAN N; L48 N; SPM N
ALRU2,Dicot,Betulaceae,Perennial,Tree,AK N; CAN N; L48 N
ALSE2,Dicot,Betulaceae,Perennial,Shrub; Tree,CAN N; L48 N
ALVIS,Dicot,Betulaceae,Perennial,Shrub; Tree,AK N; CAN N; L48 N
ALAR,Monocot,Poaceae,Perennial,Graminoid,CAN W; L48 I
ALDE,Dicot,Brassicaceae,Annual,Forb/herb,CAN I; L48 I
AMAL2,Dicot,Rosaceae,Perennial,Shrub; Tree,AK N; CAN N; L48 N
AMALS,Dicot,Rosaceae,Perennial,Shrub; Tree,AK N; CAN N; L48 N
AMAR3,Dicot,Rosaceae,Perennial,Shrub; Tree,CAN N; L48 N
AMCA4,Dicot,Rosaceae,Perennial,Shrub; Tree,CAN N; L48 N
AMUT,Dicot,Rosaceae,Perennial,Shrub; Tree,L48 N
AMBR,Monocot,Poaceae,Perennial,Graminoid,CAN N; L48 N; SPM N
AMCA6,Dicot,Fabaceae,Perennial,Shrub; Subshrub,CAN N; L48 N
AMFR,Dicot,Fabaceae,Perennial,Shrub,CAN N; L48 N
AMBR2,Dicot,Fabaceae,Annual; Perennial,Forb/herb; Vine,CAN N; L48 N
AMMU2,Monocot,Poaceae,Perennial,Graminoid,L48 N
ANCA4,Monocot,Poaceae,Perennial,Graminoid,L48 N
ANGE,Monocot,Poaceae,Perennial,Graminoid,CAN N; L48 N
ANGL2,Monocot,Poaceae,Perennial,Graminoid,HI I; L48 N; NAV N; PR N; VI I
ANGYG,Monocot,Poaceae,Perennial,Graminoid,L48 N
ANHA,Monocot,Poaceae,Perennial,Graminoid,CAN N; L48 N
ANTE2,Monocot,Poaceae,Perennial,Graminoid,L48 N
ANVI2,Monocot,Poaceae,Perennial,Graminoid,CAN N; HI I; L48 N; PB I; PR N
ANCA10,Dicot,Saururaceae,Perennial,Forb/herb,L48 N
ANVI4,Monocot,Poaceae,Perennial,Graminoid,L48 N
APAM,Dicot,Fabaceae,Perennial,Forb/herb; Vine,CAN N; L48 N
APCA,Dicot,Apocynaceae,Perennial,Forb/herb,CAN N; L48 N
AQCA,Dicot,Ranunculaceae,Perennial,Forb/herb,CAN N; L48 N
ARME,Dicot,Ericaceae,Perennial,Tree,CAN N; L48 N
ARHU3,Dicot,Papaveraceae,Perennial,Forb/herb,L48 N
ARCO3,Dicot,Ericaceae,Perennial,Shrub; Tree,CAN N; L48 N
ARNE,Dicot,Ericaceae,Perennial,Shrub; Subshrub,L48 N
ARPA6,Dicot,Ericaceae,Perennial,Shrub,L48 N
ARUV,Dicot,Ericaceae,Perennial,Shrub; Subshrub,AK N; CAN N; GL N; L48 N; SPM N
ARVI4,Dicot,Ericaceae,Perennial,Shrub; Tree,L48 N
ARALT,Dicot,Papaveraceae,Annual; Biennial,Forb/herb,L48 N
AREG,Dicot,Rosaceae,Perennial,Forb/herb,AK N; CAN N; GL N; L48 N
AROL,Monocot,Poaceae,Annual,Graminoid,CAN I; L48 N
ARPU8,Monocot,Poaceae,Perennial,Graminoid,CAN N; L48 N
ARPU9,Monocot,Poaceae,Annual; Perennial,Graminoid,CAN N; L48 N
ARPUW,Monocot,Poaceae,Annual; Perennial,Graminoid,L48 N
ARRH,Monocot,Poaceae,Perennial,Graminoid,L48 N
ARST5,Monocot,Poaceae,Perennial,Graminoid,L48 N
ARME6,Dicot,Rosaceae,Perennial,Shrub,CAN N; L48 N
AREL3,Monocot,Poaceae,Perennial,Graminoid,AK I; CAN I; HI I; L48 I
ARAR8,Dicot,Asteraceae,Perennial,Shrub; Subshrub,L48 N
ARCA11,Dicot,Asteraceae,Perennial,Shrub,L48 N
ARCAC,Dicot,Asteraceae,Biennial; Perennial,Forb/herb,CAN N; GL N; L48 N
ARDO3,Dicot,Asteraceae,Perennial,Forb/herb,L48 N
ARDR4,Dicot,Asteraceae,Perennial,Forb/herb; Subshrub,AK I?; CAN N; L48 N
ARFR4,Dicot,Asteraceae,Perennial,Subshrub,AK N; CAN N; L48 N
ARLU,Dicot,Asteraceae,Perennial,Forb/herb; Subshrub,CAN N; L48 I,N
ARNO4,Dicot,Asteraceae,Perennial,Shrub; Subshrub,L48 N
ARTR2,Dicot,Asteraceae,Perennial,Shrub; Tree,CAN N; L48 N
ARTRP2,Dicot,Asteraceae,Perennial,Shrub,L48 N
ARTRS2,Dicot,Asteraceae,Perennial,Shrub; Tree,L48 N
ARTRT,Dicot,Asteraceae,Perennial,Shrub; Tree,CAN N; L48 N
ARTRV,Dicot,Asteraceae,Perennial,Shrub; Tree,CAN N; L48 N
ARTRW8,Dicot,Asteraceae,Perennial,Shrub; Tree,L48 N
ARTRX,Dicot,Asteraceae,Perennial,Shrub; Tree,L48 N
ARGI,Monocot,Poaceae,Perennial,Graminoid; Shrub; Subshrub,L48 N
ARTE4,Monocot,Poaceae,Perennial,Graminoid; Shrub; Subshrub,L48 I,N
ARTE4,Monocot,Poaceae,Perennial,Graminoid; Shrub; Subshrub,L48 I,N
ASCA,Dicot,Aristolochiaceae,Perennial,Forb/herb,CAN N; L48 N
ASCO,Dicot,Asclepiadaceae,Perennial,Forb/herb,L48 N
ASFA,Dicot,Asclepiadaceae,Perennial,Forb/herb,L48 N
ASIN,Dicot,Asclepiadaceae,Perennial,Forb/herb,CAN N; L48 N
ASME,Dicot,Asclepiadaceae,Perennial,Forb/herb,L48 N
ASSP,Dicot,Asclepiadaceae,Perennial,Forb/herb,CAN N; L48 N
ASSY,Dicot,Asclepiadaceae,Perennial,Forb/herb,CAN N; L48 N
ASTU,Dicot,Asclepiadaceae,Perennial,Forb/herb,CAN N; L48 N
ASVE2,Dicot,Asclepiadaceae,Perennial,Forb/herb,L48 N
ASVI2,Dicot,Asclepiadaceae,Perennial,Forb/herb,L48 N
ASWE3,Dicot,Asclepiadaceae,Perennial,Forb/herb,L48 N
ASTR,Dicot,Annonaceae,Perennial,Shrub; Tree,CAN N; L48 N
ASAN7,Dicot,Fabaceae,Perennial,Forb/herb,L48 N
ASCA11,Dicot,Fabaceae,Perennial,Forb/herb,CAN N; L48 N
ASCAB,Dicot,Fabaceae,Perennial,Forb/herb,CAN N; L48 N
ASCI4,Dicot,Fabaceae,Perennial,Forb/herb,AK I; CAN I; L48 I
ASCUP,Dicot,Fabaceae,Perennial,Forb/herb,L48 N
ASDE2,Dicot,Fabaceae,Perennial,Forb/herb; Subshrub,L48 N
ASER4,Dicot,Fabaceae,Perennial,Forb/herb,L48 N
ASER4,Dicot,Fabaceae,Perennial,Forb/herb,L48 N
ASHO5,Dicot,Fabaceae,Perennial,Forb/herb,L48 N
ASHU,Dicot,Fabaceae,Perennial,Forb/herb; Subshrub,L48 N
ASLIM,Dicot,Fabaceae,Perennial,Forb/herb,L48 N
ASOS,Dicot,Fabaceae,Perennial,Forb/herb,L48 N
ATAC,Dicot,Chenopodiaceae,Perennial,Shrub; Subshrub,L48 N
ATCA2,Dicot,Chenopodiaceae,Perennial,Shrub,CAN N; L48 N
ATCO,Dicot,Chenopodiaceae,Perennial,Shrub; Subshrub,L48 N
ATLE,Dicot,Chenopodiaceae,Perennial,Shrub; Subshrub,HI I; L48 N
AVST2,Monocot,Poaceae,Annual,Graminoid,L48 I
AVGE,Dicot,Verbenaceae,Perennial,Shrub; Tree,L48 N; PR N; VI N
AXFI,Monocot,Poaceae,Perennial,Graminoid,HI I; L48 N; PR N
BAHA,Dicot,Asteraceae,Perennial,Shrub; Tree,L48 N
BAPI,Dicot,Asteraceae,Perennial,Shrub; Subshrub,L48 N
BAHO,Dicot,Asteraceae,Perennial,Forb/herb,L48 N
BAMA4,Dicot,Asteraceae,Perennial,Forb/herb,L48 N
BASA3,Dicot,Asteraceae,Perennial,Forb/herb,CAN N; L48 N
BAAU,Dicot,Fabaceae,Perennial,Forb/herb,CAN I; L48 N
BATI,Dicot,Fabaceae,Perennial,Forb/herb,CAN N; L48 N
BAPR5,Dicot,Chenopodiaceae,Perennial,Subshrub,L48 I
BASC5,Dicot,Chenopodiaceae,Annual,Forb/herb,CAN I; L48 I
BASC5,Dicot,Chenopodiaceae,Annual,Forb/herb,CAN I; L48 I
BESY,Monocot,Poaceae,Annual,Graminoid,AK N; CAN N; GL N; L48 N
BEIN2,Dicot,Brassicaceae,Annual; Biennial; Perennial,Forb/herb,AK I; CAN I; L48 I
BEAL2,Dicot,Betulaceae,Perennial,Tree,CAN N; L48 N; SPM N
BENI,Dicot,Betulaceae,Perennial,Tree,L48 N
BEOC2,Dicot,Betulaceae,Perennial,Shrub; Tree,AK N; CAN N; L48 N
BEPA,Dicot,Betulaceae,Perennial,Tree,AK N; CAN N; L48 N; SPM N
BEPO,Dicot,Betulaceae,Perennial,Tree,CAN N; L48 N
BIAR,Dicot,Asteraceae,Annual; Biennial,Forb/herb,CAN I; L48 N
BICA,Dicot,Bignoniaceae,Perennial,Vine,L48 N
BOMA7,Monocot,Cyperaceae,Perennial,Graminoid,AK N; CAN I,N; HI N; L48 N,N?; SPM I,N
BOMA7,Monocot,Cyperaceae,Perennial,Graminoid,AK N; CAN I,N; HI N; L48 N,N?; SPM I,N
BORO5,Monocot,Cyperaceae,Perennial,Graminoid,L48 N
BORO5,Monocot,Cyperaceae,Perennial,Graminoid,L48 N
BOHI,Fern,Pteridaceae,Perennial,Forb/herb,L48 N
BOBA3,Monocot,Poaceae,Perennial,Graminoid,HI I; L48 N
BOBL,Monocot,Poaceae,Perennial,Graminoid,HI I; L48 I; PB I
BOSA,Monocot,Poaceae,Perennial,Graminoid,PR N
BOBR,Monocot,Poaceae,Perennial,Graminoid,L48 N
BOCU,Monocot,Poaceae,Perennial,Graminoid,CAN N; HI I; L48 N
BOCUC,Monocot,Poaceae,Perennial,Graminoid,L48 N
BODA2,Monocot,Poaceae,Perennial,Graminoid,CAN N; L48 N
BODA2,Monocot,Poaceae,Perennial,Graminoid,CAN N; L48 N
BOER4,Monocot,Poaceae,Perennial,Graminoid,L48 N
BOGR2,Monocot,Poaceae,Perennial,Graminoid,CAN N; L48 N
BOHI2,Monocot,Poaceae,Perennial,Graminoid,L48 N
BOTR2,Monocot,Poaceae,Perennial,Graminoid,L48 N
BRRAR,Dicot,Brassicaceae,Annual; Biennial,Forb/herb,AK I; CAN I; GL I; L48 I
BRCO3,Monocot,Liliaceae,Perennial,Forb/herb,CAN N; L48 N
BRAR5,Monocot,Poaceae,Annual,Graminoid,CAN I; L48 I
BRBI2,Monocot,Poaceae,&nbsp;,Graminoid,None
BRCA5,Monocot,Poaceae,Annual; Perennial,Graminoid,AK I; CAN N; L48 N
BRHOH,Monocot,Poaceae,Annual,Graminoid,AK I; CAN I; GL I; HI I; L48 I; SPM I
BRIN2,Monocot,Poaceae,Perennial,Graminoid,AK I,N; CAN I,N; GL I; L48 I,N; SPM I,N
BRMA4,Monocot,Poaceae,Perennial,Graminoid,AK I?; CAN N; L48 N
BRTE,Monocot,Poaceae,Annual,Graminoid,AK I; CAN I; GL I; HI I; L48 I
BRVU,Monocot,Poaceae,Perennial,Graminoid,CAN N; L48 N
BUDA2,Dicot,Buddlejaceae,Perennial,Shrub,CAN I; HI I; L48 I; PR I
CACA27,Dicot,Fabaceae,Perennial,Shrub; Subshrub,HI I; L48 I; PR I; VI I
CACA4,Monocot,Poaceae,Perennial,Graminoid,AK N; CAN N; GL N; L48 N; SPM N
CAGI3,Monocot,Poaceae,Perennial,Graminoid,L48 N
CALO,Monocot,Poaceae,Perennial,Graminoid,CAN N; L48 N
CACI2,Dicot,Portulacaceae,Annual,Forb/herb,CAN N; L48 N
CAAM2,Dicot,Verbenaceae,Perennial,Shrub,L48 N
CADE27,Gymnosperm,Cupressaceae,Perennial,Tree,L48 N
CALU9,Monocot,Liliaceae,Perennial,Forb/herb,L48 N
CASU3,Monocot,Liliaceae,Perennial,Forb/herb,L48 N
CAVE3,Monocot,Liliaceae,Perennial,Forb/herb,L48 N
CASE12,Dicot,Onagraceae,Perennial,Forb/herb; Subshrub,CAN N; L48 N
CAQUB2,Monocot,Liliaceae,Perennial,Forb/herb,L48 N
CAQUQ,Monocot,Liliaceae,Perennial,Forb/herb,CAN N; L48 N
CASA2,Dicot,Brassicaceae,Annual; Biennial,Forb/herb,AK I; CAN I,W; L48 I
CARA2,Dicot,Bignoniaceae,Perennial,Vine,CAN N; L48 N
CAEN4,Dicot,Fabaceae,Annual; Perennial,Forb/herb; Vine,L48 I; PR I; VI I
CAAR18,Dicot,Fabaceae,Perennial,Shrub; Tree,AK I; CAN I; L48 I
CAAQ,Monocot,Cyperaceae,Perennial,Graminoid,AK N; CAN N; GL N; L48 N; SPM N
CABA4,Monocot,Cyperaceae,Perennial,Graminoid,L48 N
CANE2,Monocot,Cyperaceae,Perennial,Graminoid,CAN N; L48 N
CAOB3,Monocot,Cyperaceae,Perennial,Graminoid,CAN N; L48 N
CASP35,Monocot,Cyperaceae,Perennial,Graminoid,L48 N
CASP35,Monocot,Cyperaceae,Perennial,Graminoid,L48 N
CAVU2,Monocot,Cyperaceae,Perennial,Graminoid,CAN N; L48 N; SPM N
CAGI10,Dicot,Cactaceae,Perennial,Tree,L48 N
CAGI10,Dicot,Cactaceae,Perennial,Tree,L48 N
CACA18,Dicot,Betulaceae,Perennial,Shrub; Tree,CAN N; L48 N
CAIL2,Dicot,Juglandaceae,Perennial,Tree,L48 N
CALA21,Dicot,Juglandaceae,Perennial,Tree,CAN N; L48 N
CAPU9,Dicot,Fagaceae,Perennial,Shrub; Tree,L48 N
CACH19,Dicot,Scrophulariaceae,Perennial,Forb/herb,L48 N
CABI8,Dicot,Bignoniaceae,Perennial,Tree,CAN I; L48 N
CASP8,Dicot,Bignoniaceae,Perennial,Tree,CAN I; L48 N
CEAM,Dicot,Rhamnaceae,Perennial,Shrub; Subshrub,CAN N; L48 N
CECO,Dicot,Rhamnaceae,Perennial,Shrub,L48 N
CECU,Dicot,Rhamnaceae,Perennial,Shrub,L48 N
CEFL4,Dicot,Rhamnaceae,Perennial,Shrub,L48 N
CEHE,Dicot,Rhamnaceae,Perennial,Shrub,CAN N; L48 N
CESC,Dicot,Celastraceae,Perennial,Vine,CAN N; L48 N
CELA,Dicot,Ulmaceae,Perennial,Shrub; Tree,L48 N
CEOC,Dicot,Ulmaceae,Perennial,Shrub; Tree,CAN N; L48 N
CESP4,Monocot,Poaceae,Annual; Perennial,Graminoid,L48 N; PR N; VI N
CESO3,Dicot,Asteraceae,Annual,Forb/herb,CAN I; L48 I
CEST8,Dicot,Asteraceae,Biennial; Perennial,Forb/herb,CAN I; HI I; L48 I
CEOC2,Dicot,Rubiaceae,Perennial,Shrub; Tree,CAN N; L48 N
CECA4,Dicot,Fabaceae,Perennial,Shrub; Tree,CAN N; L48 N
CEOR9,Dicot,Fabaceae,Perennial,Shrub; Tree,L48 N
CHDO,Dicot,Asteraceae,Biennial; Perennial,Forb/herb,CAN N; L48 N
CHFA2,Dicot,Fabaceae,Annual,Forb/herb,L48 N
CHNI2,Dicot,Fabaceae,Annual; Perennial,Forb/herb; Subshrub,HI I; L48 N; NAV N; PB I; PR N; VI N
CHTH2,Gymnosperm,Cupressaceae,Perennial,Tree,L48 N
CHCA2,Dicot,Ericaceae,Perennial,Shrub,AK N; CAN N; L48 N; SPM N
CHAN9,Dicot,Onagraceae,Perennial,Forb/herb,AK N; CAN N; GL N; L48 N; SPM N
CHLA5,Monocot,Poaceae,Perennial,Graminoid,L48 N
CHOA,Dicot,Chenopodiaceae,Perennial,Shrub; Tree,HI N
CHLI2,Dicot,Bignoniaceae,Perennial,Shrub; Tree,L48 N
CHCU2,Monocot,Poaceae,Perennial,Graminoid,L48 N
CHVE2,Monocot,Poaceae,Perennial,Graminoid,L48 N
CHPO3,Monocot,Liliaceae,Perennial,Forb/herb,L48 N
CHJU,Dicot,Asteraceae,Perennial,Forb/herb,CAN I; L48 I
CHVI8,Dicot,Asteraceae,Perennial,Shrub,CAN N; L48 N
CIDI,Dicot,Asteraceae,Biennial; Perennial,Forb/herb,CAN N; L48 N
CLAM,Dicot,Onagraceae,Annual,Forb/herb,CAN I,N; L48 N
CLFR,Dicot,Ranunculaceae,Perennial,Forb/herb; Subshrub,L48 N
CLLI2,Dicot,Ranunculaceae,Perennial,Vine,CAN N; L48 N
CLIS,Dicot,Capparaceae,Perennial,Shrub; Subshrub,L48 N
CLLU2,Dicot,Capparaceae,Annual,Forb/herb,L48 N
CLAL3,Dicot,Clethraceae,Perennial,Shrub,CAN N; L48 N
COCY,Monocot,Poaceae,Perennial,Graminoid,L48 N
COES,Monocot,Araceae,Perennial,Forb/herb,HI I; L48 I; PB I; PR I
COER,Monocot,Commelinaceae,Perennial,Forb/herb,L48 N; PR N; VI N
COERA,Monocot,Commelinaceae,Perennial,Forb/herb,L48 N
COPE80,Dicot,Myricaceae,Perennial,Shrub; Subshrub,CAN N; L48 N
COCO13,Dicot,Asteraceae,Perennial,Forb/herb,CAN I; L48 N
COCA5,Dicot,Asteraceae,Annual; Biennial,Forb/herb,AK I; CAN N; HI I; L48 N; NAV N; PB I; PR N; SPM N; VI N
COLA5,Dicot,Asteraceae,Perennial,Forb/herb,CAN N; HI I; L48 N; PB I
COTI3,Dicot,Asteraceae,Annual; Biennial; Perennial,Forb/herb,CAN N; HI W; L48 N
COAM2,Dicot,Cornaceae,Perennial,Shrub,L48 N
COFL2,Dicot,Cornaceae,Perennial,Shrub; Tree,CAN N; L48 N
COFO,Dicot,Cornaceae,Perennial,Shrub; Tree,L48 N
CORA6,Dicot,Cornaceae,Perennial,Shrub,CAN N; L48 N
COSE16,Dicot,Cornaceae,Perennial,Shrub; Tree,AK N; CAN N; L48 N; SPM N
COSEO,Dicot,Cornaceae,Perennial,Shrub; Tree,AK N; L48 N
COSES,Dicot,Cornaceae,Perennial,Shrub; Tree,AK N; CAN N; L48 N; SPM N
COAM3,Dicot,Betulaceae,Perennial,Shrub,CAN N; L48 N
COCO6,Dicot,Betulaceae,Perennial,Shrub; Tree,CAN N; L48 N; SPM N
COCOC,Dicot,Betulaceae,Perennial,Shrub; Tree,CAN N; L48 N
COIN16,Dicot,Rosaceae,&nbsp;,&nbsp;,None
CRAE,Dicot,Rosaceae,Perennial,Shrub; Tree,L48 N
CRAN6,Dicot,Rosaceae,Perennial,Tree,L48 N
CRBE2,Dicot,Rosaceae,Perennial,Shrub; Tree,L48 N
CRBR3,Dicot,Rosaceae,Perennial,Shrub; Tree,CAN N; L48 N
CRCA,Dicot,Rosaceae,Perennial,Shrub; Tree,CAN N; L48 N
CRCH,Dicot,Rosaceae,Perennial,Shrub; Tree,CAN N; L48 N
CRCO2,Dicot,Rosaceae,Perennial,Shrub; Tree,CAN N; L48 N
CRCR2,Dicot,Rosaceae,Perennial,Shrub; Tree,CAN N; L48 N
CRDO2,Dicot,Rosaceae,Perennial,Shrub; Tree,AK N; CAN N; L48 N
CRER,Dicot,Rosaceae,Perennial,Shrub; Tree,L48 N
CRFL,Dicot,Rosaceae,Perennial,Shrub; Tree,CAN N; L48 N
CRFL2,Dicot,Rosaceae,Perennial,Shrub; Tree,L48 N
CRIN3,Dicot,Rosaceae,Perennial,Shrub; Tree,CAN N; L48 N
CROP,Dicot,Rosaceae,Perennial,Shrub; Tree,L48 N
CRAC2,Dicot,Asteraceae,Perennial,Forb/herb,L48 N
CRIN4,Dicot,Asteraceae,Perennial,Forb/herb,CAN N; L48 N
CRJU,Dicot,Fabaceae,Annual,Forb/herb,HI I; L48 I; PB I; PR I; VI I
CTAR,Monocot,Poaceae,Perennial,Graminoid,L48 N
CYHUJ,Dicot,Apocynaceae,Perennial,Forb/herb,L48 N
CYACA2,Dicot,Cactaceae,Perennial,Shrub,L48 N
CYACA2,Dicot,Cactaceae,Perennial,Shrub,L48 N
CYDA,Monocot,Poaceae,Perennial,Graminoid,CAN W; HI I; L48 I; PB I; PR I; SPM W; VI I
CYER,Monocot,Cyperaceae,Perennial,Graminoid,CAN I; L48 N
CYRO,Monocot,Cyperaceae,Perennial,Graminoid,HI I; L48 I; PB I; PR I; VI I
DAGL,Monocot,Poaceae,Perennial,Graminoid,AK I; CAN I; GL I; HI I; L48 I; PR I; SPM I
DACA7,Dicot,Fabaceae,Perennial,Forb/herb; Subshrub,CAN N; L48 N
DAOR2,Dicot,Fabaceae,Perennial,Forb/herb,L48 N
DAPU5,Dicot,Fabaceae,Perennial,Forb/herb; Subshrub,CAN N; L48 N
DAPUP,Dicot,Fabaceae,Perennial,Forb/herb; Subshrub,CAN N; L48 N
DASE3,Dicot,Fabaceae,Perennial,Forb/herb,L48 N
DAVI,Dicot,Fabaceae,Perennial,Forb/herb; Subshrub,CAN N; L48 N
DACA3,Monocot,Poaceae,Perennial,Graminoid,CAN N; L48 N
DAPU3,Dicot,Apiaceae,Annual,Forb/herb,CAN N; HI I?; L48 N
DEDA,Monocot,Poaceae,Annual,Graminoid,AK I; CAN N; L48 N
DEEL,Monocot,Poaceae,Perennial,Graminoid,AK I; CAN N; L48 N
DEIL,Dicot,Fabaceae,Perennial,Forb/herb; Subshrub,L48 N
DEVE2,Dicot,Fabaceae,Perennial,Forb/herb,L48 N
DEVI3,Dicot,Fabaceae,Perennial,Forb/herb; Subshrub,L48 N; PB I; PR N; VI N
DECA7,Dicot,Fabaceae,Perennial,Forb/herb,CAN N; L48 N
DECI,Dicot,Fabaceae,Perennial,Forb/herb,CAN N; L48 N
DEGL4,Dicot,Fabaceae,Perennial,Forb/herb,L48 N
DEPA6,Dicot,Fabaceae,Perennial,Forb/herb,CAN N; L48 N
DETR4,Dicot,Fabaceae,Perennial,Forb/herb,HI I; L48 I; PB I; PR N; VI N
DICL,Monocot,Poaceae,Perennial,Graminoid,CAN N; L48 N
DIOLS,Monocot,Poaceae,Perennial,Graminoid,CAN N; L48 N
DIOLS,Monocot,Poaceae,Perennial,Graminoid,CAN N; L48 N
DISC3,Monocot,Poaceae,Perennial,Graminoid,L48 N; PR N
DICA14,Monocot,Liliaceae,Perennial,Forb/herb,L48 N
DICAC5,Monocot,Liliaceae,Perennial,Forb/herb,L48 N
DICAP,Monocot,Liliaceae,Perennial,Forb/herb,L48 N
DICA8,Monocot,Poaceae,Perennial,Graminoid,L48 N
DICO6,Monocot,Poaceae,Perennial,Graminoid,CAN N; L48 N
DIVI5,Dicot,Ebenaceae,Perennial,Tree,L48 N
DISP,Monocot,Poaceae,Perennial,Graminoid,CAN N; HI I; L48 N
DOVI,Dicot,Sapindaceae,Perennial,Shrub; Tree,HI I; L48 N; PB N; PR N; VI N
DRAM,Dicot,Asteraceae,Annual,Forb/herb,L48 N
ECAN2,Dicot,Asteraceae,Perennial,Forb/herb,CAN N; L48 N
ECPA,Dicot,Asteraceae,Perennial,Forb/herb,CAN N; L48 N
ECPU,Dicot,Asteraceae,Perennial,Forb/herb,CAN I; L48 N
ECSA,Dicot,Asteraceae,Perennial,Forb/herb,L48 N
ECES,Monocot,Poaceae,Annual,Graminoid,HI I; L48 I
ECFR,Monocot,Poaceae,Annual,Graminoid,CAN I; L48 I
ECCO3,Monocot,Alismataceae,Perennial,Forb/herb,L48 N
ECVU,Dicot,Boraginaceae,Annual; Biennial; Perennial,Forb/herb,AK I; CAN W; L48 I; SPM I
ELCO,Dicot,Elaeagnaceae,Perennial,Shrub,AK N; CAN N; L48 N
ELPA3,Monocot,Cyperaceae,Perennial,Graminoid,AK N; CAN N; GL N; HI I?; L48 N; SPM N
ELCA4,Monocot,Poaceae,Perennial,Graminoid,CAN N; L48 N
ELDA3,Monocot,Poaceae,&nbsp;,Graminoid,None
ELEL5,Monocot,Poaceae,Perennial,Graminoid,CAN N; L48 N
ELELB2,Monocot,Poaceae,Perennial,Graminoid,L48 N
ELGL3,Monocot,Poaceae,Perennial,Graminoid,L48 N
ELGL,Monocot,Poaceae,Perennial,Graminoid,AK N; CAN N; L48 N
ELHO3,Monocot,Poaceae,Perennial,Graminoid,L48 I
ELLA3,Monocot,Poaceae,Perennial,Graminoid,AK N; CAN N; L48 N
ELLAL,Monocot,Poaceae,Perennial,Graminoid,AK N; CAN N; L48 N
ELLAP,Monocot,Poaceae,Perennial,Graminoid,CAN N; L48 N
ELMU3,Monocot,Poaceae,Perennial,Graminoid,L48 N
ELTR7,Monocot,Poaceae,Perennial,Graminoid,AK N; CAN N; GL N; L48 N; SPM N
ELTRT,Monocot,Poaceae,Perennial,Graminoid,AK N; CAN N; L48 N; SPM N
ELVI3,Monocot,Poaceae,Perennial,Graminoid,CAN N; L48 N; SPM N
ELWA2,Monocot,Poaceae,Perennial,Graminoid,L48 N
ENVI,Dicot,Asteraceae,Perennial,Shrub,L48 N
ENPE4,Dicot,Asteraceae,Perennial,Forb/herb,L48 N
EPNE,Gymnosperm,Ephedraceae,Perennial,Shrub; Subshrub,L48 N
EPVI,Gymnosperm,Ephedraceae,Perennial,Shrub,L48 N
EPCA3,Dicot,Onagraceae,Perennial,Forb/herb; Subshrub,L48 N
ERCU2,Monocot,Poaceae,Perennial,Graminoid,HI I; L48 I; PR I
ERIN,Monocot,Poaceae,Perennial,Graminoid,L48 N
ERSEO,Monocot,Poaceae,Perennial,Graminoid,L48 N
ERSP,Monocot,Poaceae,Perennial,Graminoid,CAN I; L48 N
ERSP2,Monocot,Poaceae,Perennial,Graminoid,L48 N
ERTR3,Monocot,Poaceae,Perennial,Graminoid,L48 N
ERVA,Monocot,Poaceae,Perennial,Graminoid,HI N; PB N
ERNA10,Dicot,Asteraceae,Perennial,Shrub; Subshrub,CAN N; L48 N
ERMA8,Dicot,Asteraceae,Perennial,Forb/herb,L48 N
ERPH,Dicot,Asteraceae,Biennial; Perennial,Forb/herb,CAN N; L48 N
ERSE5,Monocot,Poaceae,Perennial,Graminoid,L48 N
ERCA6,Dicot,Hydrophyllaceae,Perennial,Shrub,L48 N
ERCON,Dicot,Polygonaceae,Perennial,Shrub; Subshrub,L48 N
ERFA2,Dicot,Polygonaceae,Perennial,Shrub; Subshrub,L48 N
ERHE2,Dicot,Polygonaceae,Perennial,Forb/herb; Subshrub,CAN N; L48 N
ERNI2,Dicot,Polygonaceae,Perennial,Forb/herb; Subshrub,CAN N; L48 N
ERNU3,Dicot,Polygonaceae,Perennial,Forb/herb; Subshrub,L48 N
ERPE10,Dicot,Polygonaceae,Perennial,Forb/herb; Subshrub,L48 N
ERSO2,Dicot,Polygonaceae,Perennial,Forb/herb,L48 N
ERUM,Dicot,Polygonaceae,Perennial,Forb/herb; Shrub; Subshrub,CAN N; L48 N
ERLA6,Dicot,Asteraceae,Annual; Perennial,Forb/herb; Subshrub,CAN N; L48 N
ERAQ,Dicot,Apiaceae,Biennial,Forb/herb,CAN I; L48 N
ERYU,Dicot,Apiaceae,Perennial,Forb/herb,L48 N
ESCA2,Dicot,Papaveraceae,Annual; Perennial,Forb/herb,AK I; CAN I; HI I; L48 N
EUAM9,Dicot,Celastraceae,Perennial,Forb/herb; Subshrub,L48 N
EUAM9,Dicot,Celastraceae,Perennial,Forb/herb; Subshrub,L48 N
EUBU5,Dicot,Celastraceae,Perennial,Shrub; Tree,L48 I
EUBU5,Dicot,Celastraceae,Perennial,Shrub; Tree,L48 I
EUPE3,Dicot,Asteraceae,Perennial,Forb/herb,CAN N; L48 N
EUES,Dicot,Euphorbiaceae,Perennial,Forb/herb,CAN I; L48 I
EUGL5,Monocot,Poaceae,Perennial,Graminoid,L48 N
EUGR5,Dicot,Asteraceae,Perennial,Forb/herb,CAN N; L48 N; SPM I,N
EUPE10,Dicot,Brassicaceae,Perennial,Forb/herb,L48 N
EUFI14,Dicot,Asteraceae,Perennial,Forb/herb,CAN N; L48 N
EUFI14,Dicot,Asteraceae,Perennial,Forb/herb,CAN N; L48 N
EUMAM4,Dicot,Asteraceae,Perennial,Forb/herb,CAN N; L48 N; SPM N
EUMAM4,Dicot,Asteraceae,Perennial,Forb/herb,CAN N; L48 N; SPM N
EYTE,Dicot,Fabaceae,Perennial,Shrub; Tree,L48 N
FAES2,Dicot,Polygonaceae,Annual,Forb/herb,AK I; CAN I; L48 I
FEAM5,Monocot,Poaceae,Perennial,Graminoid,L48 N
FEAR2,Monocot,Poaceae,Perennial,Graminoid,L48 N
FEBR7,Monocot,Poaceae,Perennial,Graminoid,CAN I; L48 I
FEBR7,Monocot,Poaceae,Perennial,Graminoid,CAN I; L48 I
FECA,Monocot,Poaceae,Perennial,Graminoid,L48 N
FECA4,Monocot,Poaceae,Perennial,Graminoid,CAN N; L48 N
FEID,Monocot,Poaceae,Perennial,Graminoid,CAN N; L48 N
FEIDR2,Monocot,Poaceae,Perennial,Graminoid,CAN N; L48 N
FEIDR2,Monocot,Poaceae,Perennial,Graminoid,CAN N; L48 N
FEOV,Monocot,Poaceae,Perennial,Graminoid,L48 I
FERU2,Monocot,Poaceae,Perennial,Graminoid,AK I,N; CAN I,N; GL I,N; HI I; L48 I,N; SPM N
FERUA3,Monocot,Poaceae,Perennial,Graminoid,CAN I; L48 N
FOPU2,Dicot,Oleaceae,Perennial,Shrub,L48 N
FRCH,Dicot,Rosaceae,Perennial,Forb/herb,AK I; CAN N; HI N; L48 I,N
FRCHC,Dicot,Rosaceae,Perennial,Forb/herb,None
FRCHL,Dicot,Rosaceae,Perennial,Forb/herb,CAN N; L48 I
FRCHP,Dicot,Rosaceae,Perennial,Forb/herb,AK I; CAN N; L48 N
FRCHS2,Dicot,Rosaceae,Perennial,Forb/herb,HI N
FRVE,Dicot,Rosaceae,Perennial,Forb/herb,CAN N; HI I; L48 N
FRVI,Dicot,Rosaceae,Perennial,Forb/herb,AK N; CAN N; L48 N; SPM N
FRCA12,Dicot,Rhamnaceae,Perennial,Shrub; Tree,HI I; L48 N
FRAM2,Dicot,Oleaceae,Perennial,Tree,CAN N; HI I; L48 N
FRNI,Dicot,Oleaceae,Perennial,Tree,CAN N; L48 N
FRPE,Dicot,Oleaceae,Perennial,Tree,CAN N; L48 N
FRCA6,Dicot,Sterculiaceae,Perennial,Shrub; Tree,L48 N
FRAF2,Monocot,Liliaceae,Perennial,Forb/herb,CAN N; L48 N
FRCA5,Monocot,Liliaceae,Perennial,Forb/herb,AK N; CAN N; L48 N
GAAR,Dicot,Asteraceae,Perennial,Forb/herb,CAN N; L48 N
GEVI2,Dicot,Geraniaceae,Annual; Perennial,Forb/herb,CAN N; L48 N
GINKG,Gymnosperm,Ginkgoaceae,&nbsp;,&nbsp;,L48 I
GLSU,Dicot,Brassicaceae,Perennial,Forb/herb; Subshrub,L48 N
GLHE2,Dicot,Lamiaceae,Perennial,Forb/herb,AK I; CAN I; L48 I
GLTR,Dicot,Fabaceae,Perennial,Shrub; Tree,CAN N; L48 N
GLLE2,Monocot,Poaceae,Perennial,Graminoid,AK N; CAN N; L48 N
GLOC,Monocot,Poaceae,Perennial,Graminoid,CAN N; L48 N
GLST,Monocot,Poaceae,Perennial,Graminoid,AK N; CAN N; L48 N; SPM N
GLST,Monocot,Poaceae,Perennial,Graminoid,AK N; CAN N; L48 N; SPM N
GLLE3,Dicot,Fabaceae,Perennial,Forb/herb,CAN N; L48 N
GOPU,Monocot,Orchidaceae,Perennial,Forb/herb,CAN N; L48 N
GRCA,Dicot,Asteraceae,Perennial,Forb/herb; Subshrub,L48 N
GRIN,Dicot,Asteraceae,Perennial,Forb/herb; Subshrub,L48 N
GRSQ,Dicot,Asteraceae,Annual; Biennial; Perennial,Forb/herb,CAN N; L48 N
GUSA2,Dicot,Asteraceae,Perennial,Forb/herb; Shrub; Subshrub,CAN N; L48 N
GYDI,Dicot,Fabaceae,Perennial,Tree,CAN N; L48 N
HAGL,Dicot,Chenopodiaceae,Annual,Forb/herb,L48 I
HEBO,Dicot,Fabaceae,Perennial,Forb/herb,AK N; CAN N; L48 N
HEUN,Dicot,Asteraceae,Perennial,Forb/herb,CAN N; L48 N
HEAN3,Dicot,Asteraceae,Annual,Forb/herb,AK I; CAN I; HI I; L48 N; PR I; SPM I
HEDED,Dicot,Asteraceae,Annual; Perennial,Forb/herb,L48 N
HEMA2,Dicot,Asteraceae,Perennial,Forb/herb,CAN N; L48 N
HEMO2,Dicot,Asteraceae,Perennial,Forb/herb,CAN I; L48 N
HEPA19,Dicot,Asteraceae,Perennial,Forb/herb,CAN N; L48 N
HEMU3,Dicot,Asteraceae,Perennial,Forb/herb; Subshrub,L48 N
HEHE5,Dicot,Asteraceae,Perennial,Forb/herb,CAN N; L48 N
HEHES,Dicot,Asteraceae,Perennial,Forb/herb,CAN N; L48 N
HEIN,Dicot,Boraginaceae,Annual,Forb/herb,L48 I; PB I; PR I; VI I
HEFA,Dicot,Asteraceae,Annual,Forb/herb,L48 N
HEAR22,Gymnosperm,Cupressaceae,Perennial,Tree,L48 N; PR I
HEAR22,Gymnosperm,Cupressaceae,Perennial,Tree,L48 N; PR I
HECO26,Monocot,Poaceae,Perennial,Graminoid,CAN N; L48 N
HECOC8,Monocot,Poaceae,Perennial,Graminoid,CAN N; L48 N
HEWH,Monocot,Agavaceae,Perennial,Forb/herb; Shrub; Subshrub,L48 N
HEWH,Monocot,Agavaceae,Perennial,Forb/herb; Shrub; Subshrub,L48 N
HEAR5,Dicot,Rosaceae,Perennial,Shrub; Tree,HI I; L48 N
HECO10,Monocot,Poaceae,Perennial,Graminoid,HI N; L48 N; PR N; VI N
HIHIA,Monocot,Poaceae,Perennial,Graminoid,AK N; L48 N
HIOD,Monocot,Poaceae,Perennial,Graminoid,AK N; CAN N; GL N; L48 N; SPM N
HIBE,Monocot,Poaceae,Perennial,Graminoid,L48 N
HODI,Dicot,Rosaceae,Perennial,Shrub,CAN N; L48 N
HOBR2,Monocot,Poaceae,Perennial,Graminoid,AK N; CAN N; HI I; L48 N
HOVU,Monocot,Poaceae,Annual,Graminoid,AK I; CAN W; GL W; HI I; L48 I
HOAQ,Dicot,Campanulaceae,Annual,Forb/herb,L48 N
HUTO,Dicot,Cistaceae,Perennial,Shrub; Subshrub,CAN N; L48 N
HYCA,Dicot,Ranunculaceae,Perennial,Forb/herb,CAN N; L48 N
HYOV,Dicot,Hydrophyllaceae,Perennial,Forb/herb,L48 N
HYHYH,Dicot,Clusiaceae,Perennial,Shrub; Subshrub,L48 N; PR N
HYPE,Dicot,Clusiaceae,Perennial,Forb/herb,CAN I; HI I; L48 I; SPM I
ILGL,Dicot,Aquifoliaceae,Perennial,Shrub,CAN N; L48 N
ILOP,Dicot,Aquifoliaceae,Perennial,Shrub; Tree,L48 N
ILVE,Dicot,Aquifoliaceae,Perennial,Shrub; Tree,CAN N; L48 N; SPM N
ILVO,Dicot,Aquifoliaceae,Perennial,Shrub; Tree,L48 N
INMI,Dicot,Fabaceae,Perennial,Forb/herb,L48 N
INMI,Dicot,Fabaceae,Perennial,Forb/herb,L48 N
INBI,Dicot,Fabaceae,Perennial,Tree,PB N
IPLE,Dicot,Convolvulaceae,Perennial,Forb/herb,L48 N
IPAG,Dicot,Polemoniaceae,Biennial; Perennial,Forb/herb,CAN N; L48 N
IRDO,Monocot,Iridaceae,Perennial,Forb/herb,L48 N
IRFE,Monocot,Iridaceae,Perennial,Forb/herb,L48 N
IRMA,Monocot,Iridaceae,Perennial,Forb/herb,L48 N
IRMI,Monocot,Iridaceae,Perennial,Forb/herb,CAN N; L48 N
IRPS,Monocot,Iridaceae,Perennial,Forb/herb,CAN I; L48 I
IRPU,Monocot,Iridaceae,Perennial,Forb/herb,L48 N
IRVE2,Monocot,Iridaceae,Perennial,Forb/herb,CAN N; L48 N; SPM N
IRVI,Monocot,Iridaceae,Perennial,Forb/herb,CAN N; L48 N
IVFR,Dicot,Asteraceae,Perennial,Forb/herb; Subshrub,CAN N; L48 N
JUCI,Dicot,Juglandaceae,Perennial,Tree,CAN N; L48 N
JUMI,Dicot,Juglandaceae,Perennial,Shrub; Tree,L48 N
JUNI,Dicot,Juglandaceae,Perennial,Tree,CAN N; L48 N
JUARL,Monocot,Juncaceae,Perennial,Graminoid,AK N; CAN N; GL N; L48 N; SPM N
JUARL,Monocot,Juncaceae,Perennial,Graminoid,AK N; CAN N; GL N; L48 N; SPM N
JUEF,Monocot,Juncaceae,Perennial,Graminoid,AK N; CAN N; HI I; L48 N; SPM N
JULE,Monocot,Juncaceae,Perennial,Graminoid,CAN N; L48 N
JURO,Monocot,Juncaceae,Perennial,Graminoid,L48 N
JUTE,Monocot,Juncaceae,Perennial,Graminoid,AK N; CAN N; HI I; L48 N; PR N; SPM N
JUTE2,Monocot,Juncaceae,Perennial,Graminoid,L48 N
JUCO12,Gymnosperm,Cupressaceae,Perennial,Shrub,None
JUPI,Gymnosperm,Cupressaceae,Perennial,Shrub; Tree,L48 N
JUSC2,Gymnosperm,Cupressaceae,Perennial,Shrub; Tree,CAN N; L48 N
JUVI,Gymnosperm,Cupressaceae,Perennial,Tree,CAN N; L48 N
KOMA,Monocot,Poaceae,Perennial,Graminoid,AK N; CAN N; HI I; L48 N
KRLA2,Dicot,Chenopodiaceae,Perennial,Shrub; Subshrub,CAN N; L48 N
KUST,Dicot,Fabaceae,Annual,Forb/herb,L48 I
KUST2,Dicot,Fabaceae,Annual,Forb/herb,L48 I
LAPU6,Dicot,Fabaceae,Perennial,Forb/herb; Vine,CAN I; HI I; L48 I; PR I; VI I
LAIN,Dicot,Lythraceae,Perennial,Shrub; Tree,L48 I; PB I; PR I
LAAM,Dicot,Lamiaceae,Annual; Biennial,Forb/herb,CAN I; GL I; HI I; L48 I; SPM W
LALA,Gymnosperm,Pinaceae,Perennial,Tree,AK N; CAN N; L48 N; SPM N
LALA4,Dicot,Fabaceae,Perennial,Forb/herb; Vine,CAN I; HI I; L48 I
LASY,Dicot,Fabaceae,Perennial,Forb/herb; Vine,CAN I; L48 I
LEGR,Dicot,Ericaceae,Perennial,Shrub,AK N; CAN N; GL N; L48 N; SPM N
LEOR,Monocot,Poaceae,Perennial,Graminoid,CAN N; L48 N
LEVI2,Monocot,Poaceae,Perennial,Graminoid,CAN N; L48 N
LECU2,Dicot,Fabaceae,Annual,Forb/herb,CAN W; L48 I
LEBA,Dicot,Brassicaceae,Perennial,Forb/herb,L48 N
LEOS,Dicot,Brassicaceae,Perennial,Forb/herb,L48 N
LEPA17,Dicot,Brassicaceae,Biennial; Perennial,Forb/herb,L48 N
LEDU,Monocot,Poaceae,Perennial,Graminoid,L48 N
LEBI2,Dicot,Fabaceae,Perennial,Forb/herb; Subshrub,CAN I; L48 I
LECA8,Dicot,Fabaceae,Perennial,Forb/herb,CAN N; L48 N
LECU,Dicot,Fabaceae,Perennial,Forb/herb; Subshrub,CAN I; HI I; L48 I
LETH4,Dicot,Fabaceae,Perennial,Subshrub,CAN I; L48 I
LERU4,Dicot,Brassicaceae,Perennial,Forb/herb,L48 N
LERE5,Dicot,Fabaceae,Perennial,Shrub; Tree,L48 N
LERE7,Dicot,Portulacaceae,Perennial,Forb/herb,CAN N; L48 N
LEAN3,Monocot,Poaceae,Perennial,Graminoid,CAN I
LECI4,Monocot,Poaceae,Perennial,Graminoid,CAN N; L48 N
LEMU11,Monocot,Poaceae,Perennial,Graminoid,L48 I
LERA5,Monocot,Poaceae,Perennial,Graminoid,L48 I
LETR5,Monocot,Poaceae,Perennial,Graminoid,CAN N; HI I; L48 N
LIPU,Dicot,Asteraceae,Perennial,Forb/herb,CAN N; L48 N
LIPY,Dicot,Asteraceae,Perennial,Forb/herb,L48 N
LISI,Dicot,Oleaceae,Perennial,Shrub; Tree,HI I; L48 I; PR I
LIPA,Monocot,Liliaceae,Perennial,Forb/herb,L48 N
LIBE3,Dicot,Lauraceae,Perennial,Shrub; Tree,CAN N; L48 N
LIBEB,Dicot,Lauraceae,Perennial,Shrub; Tree,CAN N; L48 N
LIBEP,Dicot,Lauraceae,Perennial,Shrub; Tree,L48 N
LILE3,Dicot,Linaceae,Perennial,Forb/herb; Subshrub,AK N; CAN N; L48 N
LIPE2,Dicot,Linaceae,Perennial,Forb/herb; Subshrub,AK N; CAN N; L48 I
LIST2,Dicot,Hamamelidaceae,Perennial,Tree,L48 N
LITU,Dicot,Magnoliaceae,Perennial,Tree,CAN N; L48 N
LOCA2,Dicot,Campanulaceae,Perennial,Forb/herb,CAN N; L48 N
LOIN,Dicot,Campanulaceae,Annual,Forb/herb,CAN N; L48 N
LOSI,Dicot,Campanulaceae,Perennial,Forb/herb,CAN N; L48 N
LOPE,Monocot,Poaceae,Annual; Perennial,Graminoid,AK I; CAN I; GL I; HI I; L48 I; PR I; SPM I
LOPEM2,Monocot,Poaceae,Annual; Perennial,Graminoid,AK I; CAN I; GL I; HI I; L48 I; SPM I
LOPEP,Monocot,Poaceae,Perennial,Graminoid,AK I; CAN I; GL I; L48 I; PR I; SPM I
LODI,Dicot,Apiaceae,Perennial,Forb/herb,CAN N; L48 N
LOGR,Dicot,Apiaceae,Perennial,Forb/herb,CAN N; L48 N
LONU2,Dicot,Apiaceae,Perennial,Forb/herb,CAN N; L48 N
LOTR2,Dicot,Apiaceae,Perennial,Forb/herb,CAN N; L48 N
LOCA7,Dicot,Caprifoliaceae,Perennial,Shrub,CAN N; L48 N
LOIN5,Dicot,Caprifoliaceae,Perennial,Shrub,AK N; CAN N; L48 N
LOCO6,Dicot,Fabaceae,Perennial,Forb/herb,CAN I; L48 I; SPM I
LOCR,Dicot,Fabaceae,Perennial,Forb/herb,L48 N
LOUT3,Dicot,Fabaceae,Perennial,Forb/herb,L48 N
LUDE4,Dicot,Onagraceae,Annual; Perennial,Forb/herb,L48 N; PR N
LUAL22,Dicot,Fabaceae,Annual,Forb/herb,L48 I
LUDEA,Dicot,Fabaceae,Annual,Forb/herb,L48 N
LUEL4,Dicot,Fabaceae,&nbsp;,&nbsp;,None
LUNO,Dicot,Fabaceae,Perennial,Forb/herb,AK N; CAN N; L48 N
LUPE3,Dicot,Fabaceae,Perennial,Forb/herb,CAN N; L48 N; SPM I
LUPO2,Dicot,Fabaceae,Perennial,Forb/herb,AK I?; CAN N; L48 N
LURI,Dicot,Fabaceae,Perennial,Forb/herb; Subshrub,CAN N; L48 N
LUSE4,Dicot,Fabaceae,Perennial,Forb/herb; Subshrub,CAN N; L48 N
LYSA2,Dicot,Lythraceae,Perennial,Forb/herb; Subshrub,CAN I; L48 I; SPM I
MABIB,Dicot,Asteraceae,Biennial; Perennial,Forb/herb,L48 N
MACA2,Dicot,Asteraceae,Annual; Biennial; Perennial,Forb/herb,CAN N; L48 N
MAPO,Dicot,Moraceae,Perennial,Shrub; Tree,CAN I; L48 N
MAEL,Dicot,Asteraceae,Annual,Forb/herb,L48 N
MAGL2,Dicot,Asteraceae,Annual,Forb/herb,AK I; CAN N; L48 N
MAGR3,Dicot,Asteraceae,Annual,Forb/herb,CAN N; L48 N
MASA,Dicot,Asteraceae,Annual,Forb/herb,AK N; CAN I; HI I; L48 N
MAGR4,Dicot,Magnoliaceae,Perennial,Tree,L48 N; PR I
MAVI2,Dicot,Magnoliaceae,Perennial,Shrub; Tree,L48 N
MALUS,Dicot,Rosaceae,&nbsp;,&nbsp;,AK N; CAN I,N; L48 I,N; SPM I
MAAN3,Dicot,Rosaceae,Perennial,Shrub; Tree,L48 N
MAMA37,Dicot,Rosaceae,Perennial,&nbsp;,None
MAIN3,Dicot,Anacardiaceae,Perennial,Tree,HI I; L48 I; PB I; PR I; VI I
MAES,Dicot,Euphorbiaceae,Perennial,Forb/herb; Shrub; Subshrub; Tree,HI I; L48 I; NAV I; PB I; PR I; VI I
MEPO3,Dicot,Fabaceae,Annual; Perennial,Forb/herb,AK I; CAN I; HI I; L48 I; PB I
MESA,Dicot,Fabaceae,Annual; Perennial,Forb/herb,AK I; CAN I; HI I; L48 I; PR I; VI I
MESAF,Dicot,Fabaceae,Annual; Perennial,Forb/herb,AK I; CAN I; L48 I
MENI,Monocot,Poaceae,Perennial,Graminoid,L48 N
MESP,Monocot,Poaceae,Perennial,Graminoid,CAN N; L48 N
MEOF,Dicot,Fabaceae,Annual; Biennial; Perennial,Forb/herb,AK I; CAN I; GL I; HI I; L48 I; PB I; PR I; SPM I
MEDI,Dicot,Loasaceae,Annual,Forb/herb,CAN N; L48 N
MELA2,Dicot,Loasaceae,Biennial; Perennial,Forb/herb,CAN N; L48 N
MIST2,Dicot,Fabaceae,Perennial,Forb/herb; Subshrub,L48 N
MIMA2,Dicot,Nyctaginaceae,Perennial,Forb/herb,L48 N
MODI,Dicot,Lamiaceae,Perennial,Forb/herb,CAN N; L48 N
MOFI,Dicot,Lamiaceae,Perennial,Forb/herb; Subshrub,CAN N; L48 N
MOME,Dicot,Lamiaceae,Perennial,Forb/herb,CAN N; L48 N
MOPU,Dicot,Lamiaceae,Annual; Biennial; Perennial,Forb/herb; Subshrub,CAN N; L48 N
MOCA6,Dicot,Myricaceae,Perennial,Shrub; Tree,CAN N; L48 N
MOCE2,Dicot,Myricaceae,Perennial,Shrub; Subshrub; Tree,HI I; L48 N; PR N
MOCE2,Dicot,Myricaceae,Perennial,Shrub; Subshrub; Tree,HI I; L48 N; PR N
MOPE6,Dicot,Myricaceae,Perennial,Shrub; Tree,CAN N; L48 N; SPM N
MOAL,Dicot,Moraceae,Perennial,Shrub; Tree,CAN I; HI I; L48 I
MORU2,Dicot,Moraceae,Perennial,Tree,CAN N; L48 N
MUCA2,Monocot,Poaceae,Perennial,Graminoid,L48 N; PR N
MUEX,Monocot,Poaceae,Perennial,Graminoid,L48 N
MUEX,Monocot,Poaceae,Perennial,Graminoid,L48 N
MUFI3,Monocot,Poaceae,Perennial,Graminoid,L48 N
MULI,Monocot,Poaceae,Perennial,Graminoid,L48 N
MURE2,Monocot,Poaceae,Perennial,Graminoid,L48 N
MURI2,Monocot,Poaceae,Perennial,Graminoid,L48 N
MYSP2,Dicot,Haloragaceae,Perennial,Forb/herb,AK I; CAN I; L48 I
NACE,Monocot,Poaceae,Perennial,Graminoid,HI I; L48 N
NALE3,Monocot,Poaceae,Perennial,Graminoid,L48 N
NAPU4,Monocot,Poaceae,Perennial,Graminoid,L48 N
NAVI4,Monocot,Poaceae,Perennial,Graminoid,CAN N; L48 N
NIRU,Dicot,Solanaceae,Annual,Forb/herb,CAN I; L48 I
NOMI,Monocot,Liliaceae,Perennial,Shrub; Subshrub,L48 N
NODE3,Dicot,Fagaceae,Perennial,Shrub; Tree,L48 N
NODE3,Dicot,Fagaceae,Perennial,Shrub; Tree,L48 N
NOBI2,Monocot,Liliaceae,Perennial,Forb/herb,L48 N
NULU,Dicot,Nymphaeaceae,Perennial,Forb/herb,AK N; CAN N; L48 N; SPM N
NYBI,Dicot,Cornaceae,Perennial,Tree,L48 N
NYSY,Dicot,Cornaceae,Perennial,Tree,CAN N; L48 N
OECE,Dicot,Rosaceae,Perennial,Shrub; Tree,CAN N; L48 N
OEBI,Dicot,Onagraceae,Biennial,Forb/herb,CAN N; L48 N
OEFR,Dicot,Onagraceae,Perennial,Forb/herb,CAN N; L48 N
OLRIR,Dicot,Asteraceae,Perennial,Forb/herb,CAN N; L48 N
ONVI,Dicot,Fabaceae,Perennial,Forb/herb,AK I; CAN I; L48 I
OPPO,Dicot,Cactaceae,Perennial,Shrub,CAN N; L48 N
OSVI,Dicot,Betulaceae,Perennial,Shrub; Tree,CAN N; L48 N
PAAU3,Dicot,Asteraceae,Perennial,Forb/herb,CAN N; L48 N; SPM N
PACA15,Dicot,Asteraceae,Perennial,Forb/herb; Subshrub,CAN N; L48 N
PAMU11,Dicot,Asteraceae,Annual; Perennial,Forb/herb,L48 N
PAST10,Dicot,Asteraceae,Perennial,Forb/herb,AK N; CAN N; L48 N
PAQU,Dicot,Araliaceae,Perennial,Forb/herb,CAN N; L48 N
PAAB,Monocot,Poaceae,Perennial,Graminoid,L48 N
PAAM2,Monocot,Poaceae,Perennial,Graminoid,L48 N
PAAMA2,Monocot,Poaceae,Perennial,Graminoid,L48 N
PAAN,Monocot,Poaceae,Perennial,Graminoid,L48 N
PACO2,Monocot,Poaceae,Perennial,Graminoid,HI I; L48 I
PADI,Monocot,Poaceae,Annual,Graminoid,CAN I; HI I; L48 N; PR N
PAHAF,Monocot,Poaceae,Perennial,Graminoid,L48 N
PAHA2,Monocot,Poaceae,Perennial,Graminoid,L48 N
PAHE2,Monocot,Poaceae,Perennial,Graminoid,L48 N
PAMI2,Monocot,Poaceae,Annual,Graminoid,CAN I; HI I; L48 I; PR I; VI I
PAOB,Monocot,Poaceae,Perennial,Graminoid,L48 N
PARE3,Monocot,Poaceae,Perennial,Graminoid,HI I; L48 I; PB N
PAVI2,Monocot,Poaceae,Perennial,Graminoid,CAN N; HI I; L48 N
PABI2,Monocot,Poaceae,Perennial,Graminoid,L48 N
PAVA2,Monocot,Poaceae,Perennial,Graminoid,L48 N
PAIN3,Dicot,Asteraceae,Perennial,Forb/herb,L48 N
PAQU2,Dicot,Vitaceae,Perennial,Vine,CAN N; L48 N
PASM,Monocot,Poaceae,Perennial,Graminoid,AK I; CAN N; L48 N
PADE24,Monocot,Poaceae,Perennial,Graminoid,L48 N
PADE24,Monocot,Poaceae,Perennial,Graminoid,L48 N
PADI6,Monocot,Poaceae,Perennial,Graminoid,HI I; L48 N; PB I; PR N; VI N
PAFL4,Monocot,Poaceae,Perennial,Graminoid,L48 N
PANO2,Monocot,Poaceae,Perennial,Graminoid,HI I; L48 I,N; PR N; VI N
PAPL3,Monocot,Poaceae,Perennial,Graminoid,L48 N; PR N; VI N
PASE5,Monocot,Poaceae,Perennial,Graminoid,CAN N; L48 N; PB I; PR N
PAVA,Monocot,Poaceae,Perennial,Graminoid,HI I; L48 N; PB N; PR N; VI N
PAIN6,Dicot,Passifloraceae,Perennial,Forb/herb; Vine,L48 N
PALA13,Dicot,Malvaceae,Perennial,Shrub; Subshrub,L48 N
PEDE17,Dicot,Cactaceae,Perennial,Shrub,L48 N
PESI4,Dicot,Cactaceae,Perennial,Subshrub,L48 N
PEWI2,Dicot,Cactaceae,Perennial,Shrub,L48 N
PEVI,Monocot,Araceae,Perennial,Forb/herb,CAN N; L48 N
PEGL2,Monocot,Poaceae,Annual; Perennial,Graminoid,L48 I; PB I; PR I
PENST,Dicot,Scrophulariaceae,&nbsp;,&nbsp;,AK N; CAN I,N; L48 N
PEAC,Dicot,Scrophulariaceae,Perennial,Forb/herb,L48 N
PEAN4,Dicot,Scrophulariaceae,Perennial,Forb/herb; Subshrub,L48 N
PEAT3,Dicot,Scrophulariaceae,Perennial,Forb/herb; Subshrub,L48 N
PECY3,Dicot,Scrophulariaceae,Perennial,Forb/herb; Subshrub,L48 N
PECY4,Dicot,Scrophulariaceae,Perennial,Forb/herb,L48 N
PEDE4,Dicot,Scrophulariaceae,Perennial,Forb/herb; Subshrub,L48 N
PEEA,Dicot,Scrophulariaceae,Perennial,Forb/herb,L48 N
PEEAE2,Dicot,Scrophulariaceae,Perennial,Forb/herb,L48 N
PEEAE,Dicot,Scrophulariaceae,Perennial,Forb/herb,L48 N
PEEAU,Dicot,Scrophulariaceae,Perennial,Forb/herb,L48 N
PEGR7,Dicot,Scrophulariaceae,Perennial,Forb/herb,L48 N
PEHU,Dicot,Scrophulariaceae,Perennial,Forb/herb; Subshrub,L48 N
PEPA6,Dicot,Scrophulariaceae,Perennial,Forb/herb,L48 N
PEPAC2,Dicot,Scrophulariaceae,Perennial,Forb/herb,L48 N
PEPAM5,Dicot,Scrophulariaceae,Perennial,Forb/herb,L48 N
PEPAP8,Dicot,Scrophulariaceae,Perennial,Forb/herb,L48 N
PEPA8,Dicot,Scrophulariaceae,Perennial,Forb/herb; Subshrub,L48 N
PEPAE2,Dicot,Scrophulariaceae,Perennial,Forb/herb; Subshrub,L48 N
PEPAM3,Dicot,Scrophulariaceae,Perennial,Forb/herb; Subshrub,L48 N
PEPAP9,Dicot,Scrophulariaceae,Perennial,Forb/herb; Subshrub,L48 N
PERY,Dicot,Scrophulariaceae,Perennial,Forb/herb; Subshrub,L48 N
PERYA,Dicot,Scrophulariaceae,Perennial,Forb/herb; Subshrub,L48 N
PERYO,Dicot,Scrophulariaceae,Perennial,Forb/herb; Subshrub,L48 N
PERYR,Dicot,Scrophulariaceae,Perennial,Forb/herb; Subshrub,L48 N
PESCA,Dicot,Scrophulariaceae,Perennial,Forb/herb; Subshrub,L48 N
PESP,Dicot,Scrophulariaceae,Perennial,Forb/herb,L48 N
PEST2,Dicot,Scrophulariaceae,Perennial,Forb/herb,L48 N
PEVE2,Dicot,Scrophulariaceae,Perennial,Forb/herb; Shrub; Subshrub,L48 N
PHAR2,Dicot,Hydrophyllaceae,Annual,Forb/herb,L48 N
PHAQ,Monocot,Poaceae,Perennial,Graminoid,HI I; L48 I
PHAR3,Monocot,Poaceae,Perennial,Graminoid,AK I; CAN N; L48 N; SPM I
PHLE4,Dicot,Hydrangeaceae,Perennial,Shrub,CAN N; L48 N
PHPR3,Monocot,Poaceae,Perennial,Graminoid,AK I; CAN I; GL I; HI I; L48 I; SPM I
PHAU7,Monocot,Poaceae,Perennial,Graminoid; Shrub; Subshrub,CAN I,N; HI I; L48 I,N; PR N?
PHCA11,Dicot,Rosaceae,Perennial,Shrub,AK N; CAN N; L48 N
PHOP,Dicot,Rosaceae,Perennial,Shrub,CAN N; L48 N
PHOPI,Dicot,Rosaceae,Perennial,Shrub,CAN N; L48 N
PHOPO,Dicot,Rosaceae,Perennial,Shrub,CAN N; L48 N
PIEN,Gymnosperm,Pinaceae,Perennial,Tree,CAN N; L48 N
PIGL,Gymnosperm,Pinaceae,Perennial,Tree,AK N; CAN N; L48 N; SPM N
PIMA,Gymnosperm,Pinaceae,Perennial,Tree,AK N; CAN N; L48 N; SPM N
PIPU,Gymnosperm,Pinaceae,Perennial,Tree,CAN I; L48 N
PIRU,Gymnosperm,Pinaceae,Perennial,Tree,CAN N; L48 N; SPM N
PISI,Gymnosperm,Pinaceae,Perennial,Tree,AK N; CAN N; L48 N
PIAL,Gymnosperm,Pinaceae,Perennial,Tree,CAN N; L48 N
PIBA2,Gymnosperm,Pinaceae,Perennial,Tree,CAN N; L48 N
PIED,Gymnosperm,Pinaceae,Perennial,Tree,L48 N
PIEL,Gymnosperm,Pinaceae,Perennial,Tree,L48 N
PIJE,Gymnosperm,Pinaceae,Perennial,Tree,L48 N
PIMO,Gymnosperm,Pinaceae,Perennial,Tree,L48 N
PIPA2,Gymnosperm,Pinaceae,Perennial,Tree,L48 N
PIPO,Gymnosperm,Pinaceae,Perennial,Tree,CAN N; L48 N
PIRA2,Gymnosperm,Pinaceae,Perennial,Tree,L48 N
PIRE,Gymnosperm,Pinaceae,Perennial,Tree,CAN N; L48 N
PISA2,Gymnosperm,Pinaceae,Perennial,Tree,L48 N
PIST,Gymnosperm,Pinaceae,Perennial,Tree,CAN N; L48 N; SPM N
PISY,Gymnosperm,Pinaceae,Perennial,Tree,CAN I; L48 I
PITH2,Gymnosperm,Pinaceae,Perennial,Tree,L48 I
PISA6,Dicot,Fabaceae,Annual,Forb/herb; Vine,CAN W; GL W; L48 I
PIGR4,Dicot,Asteraceae,Perennial,Forb/herb,L48 N
PLHO,Dicot,Plantaginaceae,Annual,Forb/herb,L48 N
PLRH,Dicot,Plantaginaceae,Annual,Forb/herb,L48 N
PLCI2,Monocot,Orchidaceae,Perennial,Forb/herb,CAN N; L48 N
PLOC,Dicot,Platanaceae,Perennial,Tree,CAN N; L48 N
PLCO4,Dicot,Valerianaceae,Annual,Forb/herb,CAN N; L48 N
PLJA,Monocot,Poaceae,Perennial,Graminoid,L48 N
PLMU3,Monocot,Poaceae,Perennial,Graminoid,L48 N
POAR,Monocot,Poaceae,Perennial,Graminoid,L48 N
POBU,Monocot,Poaceae,Perennial,Graminoid,L48 I
POCO,Monocot,Poaceae,Perennial,Graminoid,AK I; CAN I; HI I; L48 I; SPM I
POFE,Monocot,Poaceae,Perennial,Graminoid,CAN N; L48 N
POPR,Monocot,Poaceae,Perennial,Graminoid,AK I,N; CAN I,N; GL I,N; HI I; L48 I,N; PR I; SPM I
POSE,Monocot,Poaceae,Perennial,Graminoid,AK N; CAN N; L48 N
POSE,Monocot,Poaceae,Perennial,Graminoid,AK N; CAN N; L48 N
PODOR,Dicot,Capparaceae,Annual,Forb/herb,L48 N
POIN3,Dicot,Lamiaceae,Perennial,Shrub; Subshrub,L48 N
POPE2,Dicot,Polygonaceae,Annual,Forb/herb,AK N; CAN N; L48 N
POGU,Dicot,Araliaceae,Perennial,Shrub; Tree,L48 I; PB I; PR I
PONU4,Dicot,Apiaceae,Biennial; Perennial,Forb/herb,L48 N
POCO14,Monocot,Pontederiaceae,Perennial,Forb/herb,CAN N; L48 N
POAN3,Dicot,Salicaceae,Perennial,Tree,CAN N; L48 N
POBAT,Dicot,Salicaceae,Perennial,Tree,AK N; CAN N; L48 N
PODE3,Dicot,Salicaceae,Perennial,Tree,CAN N; L48 N
POFR2,Dicot,Salicaceae,Perennial,Tree,L48 N
POTR5,Dicot,Salicaceae,Perennial,Tree,AK N; CAN N; L48 N; SPM N
POCR3,Monocot,Potamogetonaceae,Perennial,Forb/herb,CAN I; L48 I
POPE7,Monocot,Potamogetonaceae,Perennial,Forb/herb,CAN N; GL N; L48 N; SPM N
POGR9,Dicot,Rosaceae,Perennial,Forb/herb; Subshrub,AK N; CAN N; L48 N
PRCUM,Dicot,Primulaceae,Perennial,Forb/herb,L48 N
PRPA2,Dicot,Pedaliaceae,Annual,Forb/herb,L48 N
PRGL2,Dicot,Fabaceae,Perennial,Shrub; Tree,HI I; L48 N; VI I
PRGLT,Dicot,Fabaceae,Perennial,Shrub; Tree,L48 N
PRPU,Dicot,Fabaceae,Perennial,Shrub; Tree,L48 N
PRVE,Dicot,Fabaceae,Perennial,Shrub; Tree,HI I; L48 N
PRVUL2,Dicot,Lamiaceae,Perennial,Forb/herb,AK N; CAN N; L48 N; SPM N
PRAM,Dicot,Rosaceae,Perennial,Shrub; Tree,CAN N; L48 N
PRAN3,Dicot,Rosaceae,Perennial,Shrub; Tree,L48 N
PREM,Dicot,Rosaceae,Perennial,Shrub; Tree,CAN N; L48 N
PRIL,Dicot,Rosaceae,Perennial,Shrub; Tree,L48 N
PRMA2,Dicot,Rosaceae,Perennial,Shrub,L48 N
PRPUD,Dicot,Rosaceae,Perennial,Shrub,CAN N; L48 N
PRSE2,Dicot,Rosaceae,Perennial,Shrub; Tree,CAN N; L48 N
PRSEE,Dicot,Rosaceae,Perennial,Shrub; Tree,L48 N
PRSER2,Dicot,Rosaceae,Perennial,Shrub; Tree,L48 N
PRSES,Dicot,Rosaceae,Perennial,Shrub; Tree,CAN N; L48 N
PRSEV,Dicot,Rosaceae,Perennial,Shrub; Tree,L48 N
PRVI,Dicot,Rosaceae,Perennial,Shrub; Tree,AK I,N; CAN N; L48 N; SPM N
PRVID,Dicot,Rosaceae,Perennial,Shrub; Tree,CAN N; L48 N
PRVIM,Dicot,Rosaceae,Perennial,Shrub; Tree,AK N; CAN N; L48 N
PSJU3,Monocot,Poaceae,Perennial,Graminoid,AK I; CAN I; L48 I
PSSP6,Monocot,Poaceae,Perennial,Graminoid,AK N; CAN N; L48 N
PSSPI,Monocot,Poaceae,Perennial,Graminoid,CAN N; L48 N
PSSPS,Monocot,Poaceae,Perennial,Graminoid,AK N; CAN N; L48 N
PSME,Gymnosperm,Pinaceae,Perennial,Tree,CAN N; L48 N
PUTR2,Dicot,Rosaceae,Perennial,Shrub,CAN N; L48 N
PYTE,Dicot,Lamiaceae,Perennial,Forb/herb,CAN N; L48 N
QUAC80,Dicot,Fagaceae,Perennial,Tree,L48 I
QUAG,Dicot,Fagaceae,Perennial,Shrub; Tree,L48 N
QUAL,Dicot,Fagaceae,Perennial,Tree,CAN N; L48 N
QUBI,Dicot,Fagaceae,Perennial,Tree,CAN N; L48 N
QUCH2,Dicot,Fagaceae,Perennial,Shrub; Tree,L48 N
QUDO,Dicot,Fagaceae,Perennial,Tree,L48 N
QUEL,Dicot,Fagaceae,Perennial,Tree,CAN N; L48 N
QUGA4,Dicot,Fagaceae,Perennial,Shrub; Tree,CAN N; L48 N
QUKE,Dicot,Fagaceae,Perennial,Shrub; Tree,L48 N
QULO,Dicot,Fagaceae,Perennial,Tree,L48 N
QULY,Dicot,Fagaceae,Perennial,Tree,L48 N
QUMA2,Dicot,Fagaceae,Perennial,Shrub; Tree,CAN N; L48 N
QUMI,Dicot,Fagaceae,Perennial,Tree,L48 N
QUPA5,Dicot,Fagaceae,Perennial,Tree,L48 N
QUPA2,Dicot,Fagaceae,Perennial,Tree,CAN N; L48 N
QUPH,Dicot,Fagaceae,Perennial,Tree,L48 N
QURU,Dicot,Fagaceae,Perennial,Tree,CAN N; L48 N
QUSH,Dicot,Fagaceae,Perennial,Shrub; Tree,CAN N; L48 N
QUVI,Dicot,Fagaceae,Perennial,Tree,L48 N
QUWI2,Dicot,Fagaceae,Perennial,Shrub; Tree,L48 N
RAAC3,Dicot,Ranunculaceae,Perennial,Forb/herb,AK I; CAN I; GL N?; L48 I,N; SPM I
RAAE,Dicot,Ranunculaceae,Perennial,Forb/herb,L48 N
RAOC,Dicot,Ranunculaceae,Perennial,Forb/herb,AK N; CAN N; L48 N
RASA2,Dicot,Brassicaceae,Annual; Biennial,Forb/herb,AK I; CAN I; GL I; HI I; L48 I; PB I; PR I
RACO3,Dicot,Asteraceae,Perennial,Forb/herb,CAN N; L48 N
RAPI,Dicot,Asteraceae,Perennial,Forb/herb,CAN N; L48 N
REFL,Monocot,Poaceae,Perennial,Graminoid,L48 N
RHMA,Dicot,Melastomataceae,Perennial,Forb/herb,L48 N
RHAR4,Dicot,Anacardiaceae,Perennial,Shrub,CAN N; L48 N
RHARA,Dicot,Anacardiaceae,Perennial,Shrub,L48 N
RHARA2,Dicot,Anacardiaceae,Perennial,Shrub,CAN N; L48 N
RHARS,Dicot,Anacardiaceae,Perennial,Shrub,L48 N
RHCO,Dicot,Anacardiaceae,Perennial,Shrub; Tree,CAN N; L48 N
RHGL,Dicot,Anacardiaceae,Perennial,Shrub; Tree,CAN N; L48 N
RHTR,Dicot,Anacardiaceae,Perennial,Shrub,CAN N; L48 N
RHTRA,Dicot,Anacardiaceae,Perennial,Shrub,L48 N
RHTRP,Dicot,Anacardiaceae,Perennial,Shrub,L48 N
RHTRQ,Dicot,Anacardiaceae,Perennial,Shrub,L48 N
RHTRR,Dicot,Anacardiaceae,Perennial,Shrub,L48 N
RHTRS,Dicot,Anacardiaceae,Perennial,Shrub,L48 N
RHTRT,Dicot,Anacardiaceae,Perennial,Shrub,CAN N; L48 N
RHTY,Dicot,Anacardiaceae,Perennial,Shrub; Tree,CAN N; L48 N
RHTY,Dicot,Anacardiaceae,Perennial,Shrub; Tree,CAN N; L48 N
RIAM2,Dicot,Grossulariaceae,Perennial,Shrub,CAN N; L48 N
RIAU,Dicot,Grossulariaceae,Perennial,Shrub,CAN I,N; L48 N
RIAUA,Dicot,Grossulariaceae,Perennial,Shrub,CAN N; L48 N
RIAUG,Dicot,Grossulariaceae,Perennial,Shrub,L48 N
RIAUV,Dicot,Grossulariaceae,Perennial,Shrub,CAN I; L48 N
RISA,Dicot,Grossulariaceae,Perennial,Shrub,CAN N; L48 N
ROHIF8,Dicot,Fabaceae,Perennial,Shrub; Tree,L48 N
ROPS,Dicot,Fabaceae,Perennial,Tree,CAN I; L48 N
ROCA3,Dicot,Rosaceae,Perennial,Subshrub; Vine,CAN I; L48 I
ROGY,Dicot,Rosaceae,Perennial,Subshrub,CAN N; L48 N
RONU,Dicot,Rosaceae,Perennial,Subshrub,AK N; CAN N; L48 N
ROPA,Dicot,Rosaceae,Perennial,Subshrub,CAN N; L48 N
RORU82,Dicot,Rosaceae,Perennial,Subshrub,CAN I; L48 I
RORU,Dicot,Rosaceae,Perennial,Subshrub,AK I; CAN I; L48 I; SPM I
ROVI2,Dicot,Rosaceae,Perennial,Subshrub,CAN N; L48 N; SPM N
ROVIL,Dicot,Rosaceae,Perennial,Subshrub,L48 N
ROVIV2,Dicot,Rosaceae,Perennial,Subshrub,CAN N; L48 N; SPM N
ROWO,Dicot,Rosaceae,Perennial,Subshrub,AK N; CAN N; L48 N
ROWOG,Dicot,Rosaceae,Perennial,Subshrub,L48 N
ROWOG2,Dicot,Rosaceae,Perennial,Subshrub,L48 N
ROWOU,Dicot,Rosaceae,Perennial,Subshrub,CAN N; L48 N
ROWOW,Dicot,Rosaceae,Perennial,Subshrub,AK N; CAN N; L48 N
RUAR9,Dicot,Rosaceae,Perennial,Subshrub,CAN I; HI I; L48 I
RUID,Dicot,Rosaceae,Perennial,Subshrub,AK I,N; CAN I,N; L48 I,N; SPM N
RUSP,Dicot,Rosaceae,Perennial,Subshrub; Vine,AK N; CAN N; L48 N
RUHI2,Dicot,Asteraceae,Annual; Biennial; Perennial,Forb/herb,AK I; CAN N; L48 N
SAMI8,Monocot,Arecaceae,Perennial,Shrub; Tree,L48 N
SAPA,Monocot,Arecaceae,Perennial,Tree,L48 N
SABRC3,Monocot,Poaceae,Perennial,Graminoid,L48 N
SACU,Monocot,Alismataceae,Perennial,Forb/herb,AK N; CAN N; L48 N
SALA2,Monocot,Alismataceae,Perennial,Forb/herb,CAN N; HI I; L48 N; PR N
SAAM2,Dicot,Salicaceae,Perennial,Shrub; Tree,CAN N; L48 N
SABE2,Dicot,Salicaceae,Perennial,Shrub; Tree,AK N; CAN N; L48 N
SACO28,Dicot,Salicaceae,&nbsp;,&nbsp;,None
SADR,Dicot,Salicaceae,Perennial,Shrub,CAN N; L48 N
SAEX,Dicot,Salicaceae,Perennial,Shrub; Tree,CAN N; L48 N
SAHU2,Dicot,Salicaceae,Perennial,Shrub,CAN N; L48 N
SAIN3,Dicot,Salicaceae,Perennial,Shrub; Tree,AK N; CAN N; L48 N
SALE,Dicot,Salicaceae,Perennial,Shrub,CAN N; L48 N
SALU,Dicot,Salicaceae,Perennial,Shrub; Tree,AK N; CAN N; L48 N; SPM N
SALUL,Dicot,Salicaceae,Perennial,Shrub; Tree,AK N; CAN N; L48 N
SANI,Dicot,Salicaceae,Perennial,Tree,CAN N; L48 N
SAPR3,Dicot,Salicaceae,Perennial,Shrub; Tree,AK N; CAN N; L48 N
SAPU2,Dicot,Salicaceae,Perennial,Shrub; Tree,CAN I; L48 I
SASI2,Dicot,Salicaceae,Perennial,Shrub; Tree,AK N; CAN N; L48 N
SAAP2,Dicot,Lamiaceae,Perennial,Subshrub,L48 N
SAAZG,Dicot,Lamiaceae,Perennial,Forb/herb,L48 N
SACO6,Dicot,Lamiaceae,Annual,Forb/herb,L48 N
SADO4,Dicot,Lamiaceae,Perennial,Shrub; Subshrub,L48 N
SALY2,Dicot,Lamiaceae,Perennial,Forb/herb,L48 N
SANIC4,Dicot,Caprifoliaceae,Perennial,Shrub; Tree,CAN N; HI I; L48 N; PB I; PR N; VI I
SANIC5,Dicot,Caprifoliaceae,Perennial,Shrub; Tree,CAN N; L48 N
SARA2,Dicot,Caprifoliaceae,Perennial,Shrub; Tree,AK N; CAN N; L48 N
SAMI3,Dicot,Rosaceae,Perennial,Forb/herb,CAN I; L48 I
SAVE4,Dicot,Chenopodiaceae,Perennial,Shrub,CAN N; L48 N
SAAL5,Dicot,Lauraceae,Perennial,Shrub; Tree,CAN N; L48 N
SAOR2,Dicot,Saxifragaceae,Perennial,Forb/herb,CAN N; L48 N
SCAR7,Monocot,Poaceae,Perennial,Graminoid,AK I; CAN I; HI I; L48 I; SPM I
SCAR7,Monocot,Poaceae,Perennial,Graminoid,AK I; CAN I; HI I; L48 I; SPM I
SCLI11,Monocot,Poaceae,Perennial,Graminoid,L48 N
SCMA3,Monocot,Poaceae,Perennial,Graminoid,L48 N
SCSC,Monocot,Poaceae,Perennial,Graminoid,CAN N; HI I; L48 N
SCSCD,Monocot,Poaceae,Perennial,Graminoid,L48 N
SCSCS3,Monocot,Poaceae,Perennial,Graminoid,L48 N
SCTE5,Monocot,Poaceae,Perennial,Graminoid,L48 N; PR N
SCFO2,Dicot,Fabaceae,Perennial,Shrub,PB N
SCAR5,Dicot,Brassicaceae,Perennial,Forb/herb,L48 N
SCBA80,Dicot,Brassicaceae,Perennial,Forb/herb,L48 N
SCAC3,Monocot,Cyperaceae,Perennial,Graminoid,AK N; CAN N; L48 N; SPM N
SCACO2,Monocot,Cyperaceae,Perennial,Graminoid,CAN N; L48 N
SCAM6,Monocot,Cyperaceae,Perennial,Graminoid,AK N; CAN N; L48 N; PR N; VI N
SCCA11,Monocot,Cyperaceae,Perennial,Graminoid,HI I; L48 N
SCPU10,Monocot,Cyperaceae,Perennial,Graminoid,AK N; CAN N; L48 N; SPM N
SCTA2,Monocot,Cyperaceae,Perennial,Graminoid,AK N; CAN N; HI N; L48 N; PR N; SPM N; VI N
SCCY,Monocot,Cyperaceae,Perennial,Graminoid,CAN N; L48 N; SPM N
SCGL3,Dicot,Cactaceae,Perennial,Shrub,L48 N
SCWR,Dicot,Cactaceae,Perennial,Shrub,L48 N
SCBR2,Monocot,Poaceae,Perennial,Graminoid,L48 N
SECE,Monocot,Poaceae,Annual,Graminoid,AK I; CAN W; GL W; L48 I
SEVA4,Dicot,Fabaceae,Perennial,Forb/herb; Vine,CAN I; HI I; L48 I
SEVA4,Dicot,Fabaceae,Perennial,Forb/herb; Vine,CAN I; HI I; L48 I
SEAT,Dicot,Asteraceae,Perennial,Forb/herb,L48 N
SEIN2,Dicot,Asteraceae,Biennial; Perennial,Forb/herb,CAN N; L48 N
SEJA,Dicot,Asteraceae,Perennial,Forb/herb,CAN I; L48 I; SPM I
SEHE3,Dicot,Fabaceae,Perennial,Forb/herb,CAN N; L48 N
SERE2,Monocot,Arecaceae,Perennial,Shrub; Tree,L48 N
SEOR4,Dicot,Pedaliaceae,Annual,Forb/herb,L48 I; PR I; VI I
SEHE8,Dicot,Fabaceae,Annual; Perennial,Forb/herb; Subshrub,CAN W; L48 N; PR N
SEIT,Monocot,Poaceae,Annual,Graminoid,CAN W; L48 I; VI I
SELE6,Monocot,Poaceae,Perennial,Graminoid,L48 N
SEPA10,Monocot,Poaceae,Perennial,Graminoid,HI I; L48 N; PR N; VI N
SEVU2,Monocot,Poaceae,Perennial,Graminoid,L48 N; PR I
SHAR,Dicot,Elaeagnaceae,Perennial,Shrub; Tree,CAN N; L48 N
SHCA,Dicot,Elaeagnaceae,Perennial,Shrub,AK N; CAN N; L48 N
SICA2,Dicot,Malvaceae,Perennial,Forb/herb,L48 N
SIMAV,Dicot,Malvaceae,Perennial,Forb/herb; Subshrub,L48 N
SIMAV,Dicot,Malvaceae,Perennial,Forb/herb; Subshrub,L48 N
SISP2,Dicot,Caryophyllaceae,Perennial,Forb/herb,CAN N; L48 N
SILA3,Dicot,Asteraceae,Perennial,Forb/herb,CAN N; L48 N
SIPE2,Dicot,Asteraceae,Perennial,Forb/herb,CAN N; L48 N
SIPEC2,Dicot,Asteraceae,Perennial,Forb/herb,L48 N
SIPEP,Dicot,Asteraceae,Perennial,Forb/herb,CAN N; L48 N
SICA7,Dicot,Asteraceae,Annual; Perennial,Forb/herb; Subshrub,L48 N
SIID,Monocot,Iridaceae,Perennial,Forb/herb,CAN N; L48 N
SOEL,Dicot,Solanaceae,Perennial,Forb/herb; Subshrub,HI I; L48 N; PR N
SOME,Dicot,Solanaceae,Perennial,Forb/herb; Subshrub,L48 I; PB I; PR I
SOCA6,Dicot,Asteraceae,Perennial,Forb/herb,AK N; CAN N; L48 N
SOMI2,Dicot,Asteraceae,Perennial,Forb/herb,CAN N; L48 N
SONE,Dicot,Asteraceae,Perennial,Forb/herb,CAN N; L48 N
SOSE,Dicot,Asteraceae,Perennial,Forb/herb,CAN N; L48 N; PR I
SONU2,Monocot,Poaceae,Perennial,Graminoid,CAN N; L48 N
SOSE5,Monocot,Poaceae,Perennial,Graminoid,L48 N
SOBI2,Monocot,Poaceae,Annual,Graminoid,CAN I,W; HI I; L48 I; PB I; PR I; VI I
SPAM,Monocot,Sparganiaceae,Perennial,Forb/herb,CAN N; L48 N; SPM N
SPAN,Monocot,Sparganiaceae,Perennial,Forb/herb,CAN N; L48 N
SPAN2,Monocot,Sparganiaceae,Perennial,Forb/herb,AK N; CAN N; GL N; L48 N; SPM N
SPER,Monocot,Sparganiaceae,Perennial,Forb/herb,L48 I
SPERS2,Monocot,Sparganiaceae,Perennial,Forb/herb,L48 I
SPEU,Monocot,Sparganiaceae,Perennial,Forb/herb,CAN N; L48 N; SPM N
SPFL,Monocot,Sparganiaceae,Perennial,Forb/herb,CAN N; L48 N
SPGL,Monocot,Sparganiaceae,Perennial,Forb/herb,CAN N; L48 N
SPHY,Monocot,Sparganiaceae,Perennial,Forb/herb,AK N; CAN N; GL N; SPM N
SPNA,Monocot,Sparganiaceae,Perennial,Forb/herb,AK N; CAN N; L48 N; SPM N
SPAL,Monocot,Poaceae,Perennial,Graminoid,CAN N; L48 N
SPBA,Monocot,Poaceae,Perennial,Graminoid,L48 N
SPCY,Monocot,Poaceae,Perennial,Graminoid,L48 N
SPPA,Monocot,Poaceae,Perennial,Graminoid,CAN N; L48 N; PR N; VI N
SPPE,Monocot,Poaceae,Perennial,Graminoid,CAN N; L48 N; SPM N
SPSP,Monocot,Poaceae,Perennial,Graminoid,L48 N
SPAM2,Dicot,Malvaceae,Perennial,Forb/herb; Subshrub,L48 N
SPCO,Dicot,Malvaceae,Biennial; Perennial,Forb/herb; Subshrub,CAN N; L48 N
SPGI2,Dicot,Malvaceae,Perennial,Forb/herb; Subshrub,L48 N
SPGR2,Dicot,Malvaceae,Perennial,Forb/herb; Subshrub,L48 N
SPMU2,Dicot,Malvaceae,Perennial,Forb/herb; Subshrub,CAN N; L48 N
SPDO,Dicot,Rosaceae,Perennial,Shrub,AK N; CAN N; L48 N
SPDI6,Monocot,Orchidaceae,Perennial,Forb/herb,CAN N; L48 N
SPAI,Monocot,Poaceae,Perennial,Graminoid,CAN N; L48 N
SPCOC2,Monocot,Poaceae,Perennial,Graminoid,CAN N; L48 N
SPCO4,Monocot,Poaceae,Perennial,Graminoid,L48 N
SPCR,Monocot,Poaceae,Perennial,Graminoid,CAN N; L48 N
SPCU,Monocot,Poaceae,Perennial,Graminoid,L48 N
SPFL3,Monocot,Poaceae,Perennial,Graminoid,L48 N
SPJU,Monocot,Poaceae,Perennial,Graminoid,L48 N
SPTE5,Monocot,Poaceae,Perennial,Graminoid,L48 N
SPVI3,Monocot,Poaceae,Perennial,Graminoid,HI N; L48 N; PB N; PR N; VI N
SPWR2,Monocot,Poaceae,Perennial,Graminoid,L48 N
STHE9,Dicot,Fabaceae,Annual,Forb/herb; Vine,CAN N; L48 N
STHE9,Dicot,Fabaceae,Annual,Forb/herb; Vine,CAN N; L48 N
STPE15,Monocot,Potamogetonaceae,Perennial,Forb/herb,AK N; CAN N; HI I; L48 N; SPM N
SYAL,Dicot,Caprifoliaceae,Perennial,Shrub; Subshrub,AK N; CAN N; L48 N
SYAS3,Dicot,Asteraceae,Perennial,Forb/herb,CAN N; L48 N
SYCH4,Dicot,Asteraceae,Perennial,Forb/herb,CAN N; L48 N
SYERE,Dicot,Asteraceae,Perennial,Forb/herb,CAN N; L48 N
SYLAL3,Dicot,Asteraceae,Perennial,Forb/herb,CAN N; L48 N
SYLAL4,Dicot,Asteraceae,Perennial,Forb/herb,CAN N; L48 N
SYNO2,Dicot,Asteraceae,Perennial,Forb/herb,CAN N; L48 N
SYNON,Dicot,Asteraceae,Perennial,Forb/herb,CAN N; L48 N; SPM N
SYOB,Dicot,Asteraceae,Perennial,Forb/herb,L48 N
SYPR6,Dicot,Asteraceae,Perennial,Forb/herb,CAN N; L48 N
SYVI3,Dicot,Oleaceae,Perennial,Shrub,L48 I
SYVU,Dicot,Oleaceae,Perennial,Shrub,CAN I; L48 I
TACA8,Monocot,Poaceae,Annual,Graminoid,L48 I
TADI2,Gymnosperm,Cupressaceae,Perennial,Tree,L48 N
TECA2,Dicot,Asteraceae,Perennial,Shrub; Subshrub,CAN N; L48 N
TESP2,Dicot,Asteraceae,Perennial,Shrub; Subshrub,L48 N
THDE,Monocot,Marantaceae,Perennial,Forb/herb,L48 N
THMOM3,Dicot,Fabaceae,Perennial,Forb/herb,L48 N
THIN6,Monocot,Poaceae,Perennial,Graminoid,CAN I; L48 I
THPO7,Monocot,Poaceae,Perennial,Graminoid,CAN I; L48 I
THOC2,Gymnosperm,Cupressaceae,Perennial,Tree,CAN N; L48 N
THPL,Gymnosperm,Cupressaceae,Perennial,Tree,AK N; CAN N; L48 N
TIAM,Dicot,Tiliaceae,Perennial,Tree,CAN I,N; L48 N
TIAMA,Dicot,Tiliaceae,Perennial,Tree,CAN N; L48 N
TIAMC,Dicot,Tiliaceae,Perennial,Tree,L48 N
TIAMH,Dicot,Tiliaceae,Perennial,Tree,CAN I; L48 N
TIUS,Monocot,Bromeliaceae,Perennial,Forb/herb; Vine,L48 N; PR N; VI N
TOPAP3,Monocot,Poaceae,Perennial,Graminoid,AK N; CAN N; L48 N
TOAP,Dicot,Asteraceae,Perennial,Forb/herb,L48 N
TRVI,Monocot,Commelinaceae,Perennial,Forb/herb,CAN I; L48 N
TRSE6,Dicot,Euphorbiaceae,Perennial,Tree,L48 I
TRCR9,Monocot,Poaceae,Perennial,Graminoid,L48 N
TRCR9,Monocot,Poaceae,Perennial,Graminoid,L48 N
TRPL3,Monocot,Poaceae,Perennial,Graminoid,L48 N
TRPL3,Monocot,Poaceae,Perennial,Graminoid,L48 N
TRLA4,Dicot,Lamiaceae,Annual,Forb/herb,L48 N
TRAL2,Monocot,Poaceae,Perennial,Graminoid,L48 N
TRFL2,Monocot,Poaceae,Perennial,Graminoid,CAN I; L48 N
TRMU,Monocot,Poaceae,Perennial,Graminoid,L48 N
TRST2,Monocot,Poaceae,Perennial,Graminoid,L48 N
TRFR2,Dicot,Fabaceae,Perennial,Forb/herb,CAN I; L48 I
TRFR4,Dicot,Fabaceae,Perennial,Forb/herb; Subshrub,L48 N
TRHI4,Dicot,Fabaceae,Annual,Forb/herb,L48 I
TRHY,Dicot,Fabaceae,Annual; Perennial,Forb/herb,AK I; CAN I; HI I; L48 I; SPM I
TRIN3,Dicot,Fabaceae,Annual,Forb/herb,CAN W; HI I; L48 I
TRPR2,Dicot,Fabaceae,Biennial; Perennial,Forb/herb,AK I; CAN I; GL I; HI I; L48 I; PR I; SPM I
TRRE3,Dicot,Fabaceae,Perennial,Forb/herb,AK I; CAN I; GL I; HI I; L48 I; SPM I
TRVE,Dicot,Fabaceae,Annual,Forb/herb,L48 I
TRWO,Dicot,Fabaceae,Annual; Perennial,Forb/herb,AK N?; CAN N; L48 N
TRDA3,Monocot,Poaceae,Perennial,Graminoid,L48 N
TRHY3,Monocot,Liliaceae,Perennial,Forb/herb,CAN N; L48 N
TRIX,Monocot,Liliaceae,Perennial,Forb/herb,L48 N
TRLA16,Monocot,Liliaceae,Perennial,Forb/herb,L48 N
TSCA,Gymnosperm,Pinaceae,Perennial,Tree,CAN N; L48 N
TSHE,Gymnosperm,Pinaceae,Perennial,Tree,AK N; CAN N; L48 N
TYAN,Monocot,Typhaceae,Perennial,Forb/herb,CAN N; L48 I,N
TYDO,Monocot,Typhaceae,Perennial,Forb/herb,HI I; L48 N; PR N; VI N
TYLA,Monocot,Typhaceae,Perennial,Forb/herb,AK N; CAN N; HI I; L48 N
ULPA,Dicot,Ulmaceae,Perennial,Tree,CAN I; L48 I
ULPU,Dicot,Ulmaceae,Perennial,Shrub; Tree,CAN I; L48 I
ULRU,Dicot,Ulmaceae,Perennial,Tree,CAN N; L48 N
UMCA,Dicot,Lauraceae,Perennial,Shrub; Tree,L48 N
UNPA,Monocot,Poaceae,Perennial,Graminoid,L48 N
URRA,Monocot,Poaceae,Annual; Perennial,Graminoid,L48 I
VACO,Dicot,Ericaceae,Perennial,Shrub,CAN N; L48 N
VADE,Dicot,Ericaceae,Perennial,Shrub; Subshrub,CAN N; L48 N
VAME,Dicot,Ericaceae,Perennial,Shrub,CAN N; L48 N
VAOV2,Dicot,Ericaceae,Perennial,Shrub; Subshrub,CAN N; L48 N
VAOX,Dicot,Ericaceae,Perennial,Shrub; Subshrub,AK N; CAN N; GL N; L48 N; SPM N
VAPA,Dicot,Ericaceae,Perennial,Shrub,AK N; CAN N; L48 N
VASC,Dicot,Ericaceae,Perennial,Shrub; Subshrub,CAN N; L48 N
VEDU,Monocot,Poaceae,Annual,Graminoid,CAN I; L48 I
VEHA2,Dicot,Verbenaceae,Biennial; Perennial,Forb/herb,CAN N; L48 N
VEVI4,Dicot,Scrophulariaceae,Perennial,Forb/herb,CAN N; L48 N
VEZI80,Monocot,Poaceae,Perennial,Graminoid,L48 I; PB I; PR I
VEZI80,Monocot,Poaceae,Perennial,Graminoid,L48 I; PB I; PR I
VIAC,Dicot,Caprifoliaceae,Perennial,Shrub; Subshrub,CAN N; L48 N
VIDE,Dicot,Caprifoliaceae,Perennial,Shrub; Tree,L48 N
VIDED4,Dicot,Caprifoliaceae,Perennial,Shrub; Tree,L48 N
VIDEV,Dicot,Caprifoliaceae,Perennial,Shrub; Tree,L48 N
VILE,Dicot,Caprifoliaceae,Perennial,Shrub; Tree,CAN N; L48 N
VIOPA2,Dicot,Caprifoliaceae,Perennial,Shrub; Tree,CAN N; L48 N; SPM N
VIAM,Dicot,Fabaceae,Perennial,Forb/herb; Vine,AK N; CAN N; L48 N
VILU,Dicot,Fabaceae,Annual,Forb/herb; Vine,L48 N
VIVI,Dicot,Fabaceae,Annual; Biennial; Perennial,Forb/herb; Vine,AK I; CAN I; HI I; L48 I
VIVIV8,Dicot,Fabaceae,Annual; Biennial; Perennial,Forb/herb; Vine,CAN I; L48 I
VILU3,Dicot,Fabaceae,Perennial,Forb/herb; Vine,L48 N; PR N; VI N
VIUN,Dicot,Fabaceae,Annual,Forb/herb; Vine,L48 I; PB I; PR I; VI I
VIUNS2,Dicot,Fabaceae,&nbsp;,&nbsp;,PB I
VIMI2,Dicot,Apocynaceae,Perennial,Forb/herb; Vine,CAN I; L48 I
VIAD,Dicot,Violaceae,Perennial,Forb/herb,AK N; CAN N; L48 N
VUMY,Monocot,Poaceae,Annual,Graminoid,AK I; CAN I; HI I; L48 I; PB I
WAFI,Monocot,Arecaceae,Perennial,Tree,L48 N; VI I
WEACH,Dicot,Asteraceae,Perennial,Shrub; Subshrub,L48 N
WEACH,Dicot,Asteraceae,Perennial,Shrub; Subshrub,L48 N
XETE,Monocot,Liliaceae,Perennial,Forb/herb,CAN N; L48 N
YUFI,Monocot,Agavaceae,Perennial,Forb/herb; Shrub; Subshrub,L48 N
ZAPU,Gymnosperm,Zamiaceae,Perennial,Subshrub,L48 N; PR N
ZAAM,Dicot,Rutaceae,Perennial,Shrub; Tree,CAN N; L48 N
ZEME,Monocot,Poaceae,Annual,Graminoid,L48 I
ZIVE,Monocot,Liliaceae,Perennial,Forb/herb,CAN N; L48 N
ZIAC,Dicot,Asteraceae,Perennial,Forb/herb; Subshrub,L48 N
ZIMI,Monocot,Poaceae,Perennial,Graminoid,L48 N
ZIAU,Dicot,Apiaceae,Perennial,Forb/herb,CAN N; L48 N
ZOMA,Monocot,Zosteraceae,Perennial,Forb/herb,AK N; CAN N; L48 N; SPM N
